2026-01-27 14:42:22 | INFO    | B2_local__32b6a904__20260127T134222Z | __main__ | Unified log file: /Users/au728490/OneDrive - Aarhus universitet/PhD_AU/Python_Scripts/DiffusionModels/SBGM_SD/sbgm/logs/B2_local__HR_prcp_DANRA__SIZE_128x128__LR_temp_prcp_ERA5__LOSS_sdfweighted__HEADS_4__TIMESTEPS_56/B2_local__32b6a904__20260127T134222Z.log
2026-01-27 14:42:22 | INFO    | B2_local__32b6a904__20260127T134222Z | __main__ | === ENTERED SBGM_SD MAIN APP ===
2026-01-27 14:42:22 | INFO    | B2_local__32b6a904__20260127T134222Z | __main__ | Experiment      : B2_local
2026-01-27 14:42:22 | INFO    | B2_local__32b6a904__20260127T134222Z | __main__ | Mode            : full_pipeline
2026-01-27 14:42:22 | INFO    | B2_local__32b6a904__20260127T134222Z | __main__ | Config          : /Users/au728490/OneDrive - Aarhus universitet/PhD_AU/Python_Scripts/DiffusionModels/SBGM_SD/sbgm/config/paper1_test_local.yaml
2026-01-27 14:42:22 | INFO    | B2_local__32b6a904__20260127T134222Z | __main__ | Run dir         : /Users/au728490/OneDrive - Aarhus universitet/PhD_AU/Python_Scripts/DiffusionModels/SBGM_SD/sbgm/logs/B2_local__HR_prcp_DANRA__SIZE_128x128__LR_temp_prcp_ERA5__LOSS_sdfweighted__HEADS_4__TIMESTEPS_56
2026-01-27 14:42:22 | INFO    | B2_local__32b6a904__20260127T134222Z | __main__ | Log file        : /Users/au728490/OneDrive - Aarhus universitet/PhD_AU/Python_Scripts/DiffusionModels/SBGM_SD/sbgm/logs/B2_local__HR_prcp_DANRA__SIZE_128x128__LR_temp_prcp_ERA5__LOSS_sdfweighted__HEADS_4__TIMESTEPS_56/B2_local__32b6a904__20260127T134222Z.log
2026-01-27 14:42:22 | INFO    | B2_local__32b6a904__20260127T134222Z | __main__ | Model key       : B2_local__HR_prcp_DANRA__SIZE_128x128__LR_temp_prcp_ERA5__LOSS_sdfweighted__HEADS_4__TIMESTEPS_56
2026-01-27 14:42:22 | INFO    | B2_local__32b6a904__20260127T134222Z | __main__ | Cfg hash        : 32b6a904
2026-01-27 14:42:22 | INFO    | B2_local__32b6a904__20260127T134222Z | sbgm.logging_utils | 
════════════════════════
   TRAINING START
════════════════════════
2026-01-27 14:42:22 | INFO    | B2_local__32b6a904__20260127T134222Z | sbgm.training_main | 

=== Starting SBGM_SD Training Pipeline ===
2026-01-27 14:42:22 | INFO    | B2_local__32b6a904__20260127T134222Z | sbgm.training_main |           Experiment name: B2_local
2026-01-27 14:42:22 | INFO    | B2_local__32b6a904__20260127T134222Z | sbgm.training_main |           ▸ Using CPU for training.
2026-01-27 14:42:22 | INFO    | B2_local__32b6a904__20260127T134222Z | sbgm.training_utils | 
Using HR data type: DANRA prcp [mm]
2026-01-27 14:42:22 | INFO    | B2_local__32b6a904__20260127T134222Z | sbgm.training_utils | Using LR data type 1: ERA5 temp [$^\circ$C]
2026-01-27 14:42:22 | INFO    | B2_local__32b6a904__20260127T134222Z | sbgm.training_utils | Using LR data type 2: ERA5 prcp [mm]
2026-01-27 14:42:22 | INFO    | B2_local__32b6a904__20260127T134222Z | sbgm.training_utils | 

High-resolution data size: (128, 128)
2026-01-27 14:42:22 | INFO    | B2_local__32b6a904__20260127T134222Z | sbgm.training_utils | Low-resolution data size: (128, 128)
2026-01-27 14:42:22 | INFO    | B2_local__32b6a904__20260127T134222Z | sbgm.training_utils | SDF weighted loss enabled. Setting lsm and topo to true.

2026-01-27 14:42:22 | INFO    | B2_local__32b6a904__20260127T134222Z | sbgm.training_utils | Using geographical features for sampling.

2026-01-27 14:42:22 | INFO    | B2_local__32b6a904__20260127T134222Z | sbgm.training_utils | 


Number of training samples: 70
2026-01-27 14:42:22 | INFO    | B2_local__32b6a904__20260127T134222Z | sbgm.training_utils | Number of validation samples: 15
2026-01-27 14:42:22 | INFO    | B2_local__32b6a904__20260127T134222Z | sbgm.training_utils | Cache size for training: 35
2026-01-27 14:42:22 | INFO    | B2_local__32b6a904__20260127T134222Z | sbgm.training_utils | Cache size for validation: 7



2026-01-27 14:42:22 | INFO    | B2_local__32b6a904__20260127T134222Z | sbgm.data_modules | Loading zarr group for condition temp
2026-01-27 14:42:22 | INFO    | B2_local__32b6a904__20260127T134222Z | sbgm.data_modules | Loading zarr group for condition prcp
2026-01-27 14:42:22 | INFO    | B2_local__32b6a904__20260127T134222Z | sbgm.data_modules | [data] LR channel layout summary:
  LR conditions        : ['temp', 'prcp']
  Main LR condition    : prcp
  dual_lr              : False
  lr_main_var_scale    : LR
  channel order        : ['temp', 'prcp']
  channel slices       : {'temp': {'main': (0, 1)}, 'prcp': {'main': (1, 2)}}
  channel spaces       : {'temp': {'main': 'lr_stats'}, 'prcp': {'main': 'lr_stats'}}
  total LR channels    : 2
2026-01-27 14:42:22 | INFO    | B2_local__32b6a904__20260127T134222Z | sbgm.data_modules | Not using fixed cutout for HR.
2026-01-27 14:42:22 | INFO    | B2_local__32b6a904__20260127T134222Z | sbgm.data_modules | Not using fixed cutout for LR.
2026-01-27 14:42:22 | INFO    | B2_local__32b6a904__20260127T134222Z | sbgm.data_modules | LR condition: temp, scaling method: zscore
2026-01-27 14:42:22 | INFO    | B2_local__32b6a904__20260127T134222Z | sbgm.special_transforms | Loading stats from /Users/au728490/OneDrive - Aarhus universitet/PhD_AU/Python_Scripts/DiffusionModels/SBGM_SD/data_analysis_pipeline/saved/statistics_run/stats/ERA5/temp/train/global_stats__ERA5__589x789__crop__170_350_340_520__temp__train.json
2026-01-27 14:42:22 | INFO    | B2_local__32b6a904__20260127T134222Z | sbgm.data_modules | [data] LR transform for 'temp': single-channel → space=lr_stats
2026-01-27 14:42:22 | INFO    | B2_local__32b6a904__20260127T134222Z | sbgm.data_modules | LR condition: prcp, scaling method: log_zscore
2026-01-27 14:42:22 | INFO    | B2_local__32b6a904__20260127T134222Z | sbgm.special_transforms | Loading stats from /Users/au728490/OneDrive - Aarhus universitet/PhD_AU/Python_Scripts/DiffusionModels/SBGM_SD/data_analysis_pipeline/saved/statistics_run/stats/ERA5/prcp/train/global_stats__ERA5__589x789__crop__170_350_340_520__prcp__train.json
2026-01-27 14:42:22 | INFO    | B2_local__32b6a904__20260127T134222Z | sbgm.data_modules | Main LR condition 'prcp' scaled using 'LR' stats from model 'ERA5'.
2026-01-27 14:42:22 | INFO    | B2_local__32b6a904__20260127T134222Z | sbgm.data_modules | [data] LR transform for 'temp': single-channel → space=lr_stats
2026-01-27 14:42:22 | INFO    | B2_local__32b6a904__20260127T134222Z | sbgm.data_modules | [data] LR transform for 'prcp': single-channel → space=lr_stats
2026-01-27 14:42:22 | INFO    | B2_local__32b6a904__20260127T134222Z | sbgm.special_transforms | Loading stats from /Users/au728490/OneDrive - Aarhus universitet/PhD_AU/Python_Scripts/DiffusionModels/SBGM_SD/data_analysis_pipeline/saved/statistics_run/stats/DANRA/prcp/train/global_stats__DANRA__589x789__crop__170_350_340_520__prcp__train.json
2026-01-27 14:42:22 | INFO    | B2_local__32b6a904__20260127T134222Z | sbgm.data_modules | Topography will be scaled to [-1, 1] interval.
2026-01-27 14:42:22 | INFO    | B2_local__32b6a904__20260127T134222Z | sbgm.data_modules | Loading zarr group for condition temp
2026-01-27 14:42:22 | INFO    | B2_local__32b6a904__20260127T134222Z | sbgm.data_modules | Loading zarr group for condition prcp
2026-01-27 14:42:22 | INFO    | B2_local__32b6a904__20260127T134222Z | sbgm.data_modules | [data] LR channel layout summary:
  LR conditions        : ['temp', 'prcp']
  Main LR condition    : prcp
  dual_lr              : False
  lr_main_var_scale    : LR
  channel order        : ['temp', 'prcp']
  channel slices       : {'temp': {'main': (0, 1)}, 'prcp': {'main': (1, 2)}}
  channel spaces       : {'temp': {'main': 'lr_stats'}, 'prcp': {'main': 'lr_stats'}}
  total LR channels    : 2
2026-01-27 14:42:22 | INFO    | B2_local__32b6a904__20260127T134222Z | sbgm.data_modules | Not using fixed cutout for HR.
2026-01-27 14:42:22 | INFO    | B2_local__32b6a904__20260127T134222Z | sbgm.data_modules | Not using fixed cutout for LR.
2026-01-27 14:42:22 | INFO    | B2_local__32b6a904__20260127T134222Z | sbgm.data_modules | LR condition: temp, scaling method: zscore
2026-01-27 14:42:22 | INFO    | B2_local__32b6a904__20260127T134222Z | sbgm.special_transforms | Loading stats from /Users/au728490/OneDrive - Aarhus universitet/PhD_AU/Python_Scripts/DiffusionModels/SBGM_SD/data_analysis_pipeline/saved/statistics_run/stats/ERA5/temp/train/global_stats__ERA5__589x789__crop__170_350_340_520__temp__train.json
2026-01-27 14:42:22 | INFO    | B2_local__32b6a904__20260127T134222Z | sbgm.data_modules | [data] LR transform for 'temp': single-channel → space=lr_stats
2026-01-27 14:42:22 | INFO    | B2_local__32b6a904__20260127T134222Z | sbgm.data_modules | LR condition: prcp, scaling method: log_zscore
2026-01-27 14:42:22 | INFO    | B2_local__32b6a904__20260127T134222Z | sbgm.special_transforms | Loading stats from /Users/au728490/OneDrive - Aarhus universitet/PhD_AU/Python_Scripts/DiffusionModels/SBGM_SD/data_analysis_pipeline/saved/statistics_run/stats/ERA5/prcp/train/global_stats__ERA5__589x789__crop__170_350_340_520__prcp__train.json
2026-01-27 14:42:22 | INFO    | B2_local__32b6a904__20260127T134222Z | sbgm.data_modules | Main LR condition 'prcp' scaled using 'LR' stats from model 'ERA5'.
2026-01-27 14:42:22 | INFO    | B2_local__32b6a904__20260127T134222Z | sbgm.data_modules | [data] LR transform for 'temp': single-channel → space=lr_stats
2026-01-27 14:42:22 | INFO    | B2_local__32b6a904__20260127T134222Z | sbgm.data_modules | [data] LR transform for 'prcp': single-channel → space=lr_stats
2026-01-27 14:42:22 | INFO    | B2_local__32b6a904__20260127T134222Z | sbgm.special_transforms | Loading stats from /Users/au728490/OneDrive - Aarhus universitet/PhD_AU/Python_Scripts/DiffusionModels/SBGM_SD/data_analysis_pipeline/saved/statistics_run/stats/DANRA/prcp/train/global_stats__DANRA__589x789__crop__170_350_340_520__prcp__train.json
2026-01-27 14:42:22 | INFO    | B2_local__32b6a904__20260127T134222Z | sbgm.data_modules | Topography will be scaled to [-1, 1] interval.
2026-01-27 14:42:22 | INFO    | B2_local__32b6a904__20260127T134222Z | sbgm.data_modules | Loading zarr group for condition temp
2026-01-27 14:42:22 | INFO    | B2_local__32b6a904__20260127T134222Z | sbgm.data_modules | Loading zarr group for condition prcp
2026-01-27 14:42:22 | INFO    | B2_local__32b6a904__20260127T134222Z | sbgm.data_modules | [data] LR channel layout summary:
  LR conditions        : ['temp', 'prcp']
  Main LR condition    : prcp
  dual_lr              : False
  lr_main_var_scale    : LR
  channel order        : ['temp', 'prcp']
  channel slices       : {'temp': {'main': (0, 1)}, 'prcp': {'main': (1, 2)}}
  channel spaces       : {'temp': {'main': 'lr_stats'}, 'prcp': {'main': 'lr_stats'}}
  total LR channels    : 2
2026-01-27 14:42:22 | INFO    | B2_local__32b6a904__20260127T134222Z | sbgm.data_modules | Using fixed cutout for HR with bounds: [200, 328, 380, 508]
2026-01-27 14:42:22 | INFO    | B2_local__32b6a904__20260127T134222Z | sbgm.data_modules | Using fixed cutout for LR with bounds: [200, 328, 380, 508]
2026-01-27 14:42:22 | INFO    | B2_local__32b6a904__20260127T134222Z | sbgm.data_modules | Using N=15 fixed sequential dates for generation split starting at index 0.
2026-01-27 14:42:22 | INFO    | B2_local__32b6a904__20260127T134222Z | sbgm.data_modules | LR condition: temp, scaling method: zscore
2026-01-27 14:42:22 | INFO    | B2_local__32b6a904__20260127T134222Z | sbgm.special_transforms | Loading stats from /Users/au728490/OneDrive - Aarhus universitet/PhD_AU/Python_Scripts/DiffusionModels/SBGM_SD/data_analysis_pipeline/saved/statistics_run/stats/ERA5/temp/train/global_stats__ERA5__589x789__crop__170_350_340_520__temp__train.json
2026-01-27 14:42:22 | INFO    | B2_local__32b6a904__20260127T134222Z | sbgm.data_modules | [data] LR transform for 'temp': single-channel → space=lr_stats
2026-01-27 14:42:22 | INFO    | B2_local__32b6a904__20260127T134222Z | sbgm.data_modules | LR condition: prcp, scaling method: log_zscore
2026-01-27 14:42:22 | INFO    | B2_local__32b6a904__20260127T134222Z | sbgm.special_transforms | Loading stats from /Users/au728490/OneDrive - Aarhus universitet/PhD_AU/Python_Scripts/DiffusionModels/SBGM_SD/data_analysis_pipeline/saved/statistics_run/stats/ERA5/prcp/train/global_stats__ERA5__589x789__crop__170_350_340_520__prcp__train.json
2026-01-27 14:42:22 | INFO    | B2_local__32b6a904__20260127T134222Z | sbgm.data_modules | Main LR condition 'prcp' scaled using 'LR' stats from model 'ERA5'.
2026-01-27 14:42:22 | INFO    | B2_local__32b6a904__20260127T134222Z | sbgm.data_modules | [data] LR transform for 'temp': single-channel → space=lr_stats
2026-01-27 14:42:22 | INFO    | B2_local__32b6a904__20260127T134222Z | sbgm.data_modules | [data] LR transform for 'prcp': single-channel → space=lr_stats
2026-01-27 14:42:22 | INFO    | B2_local__32b6a904__20260127T134222Z | sbgm.special_transforms | Loading stats from /Users/au728490/OneDrive - Aarhus universitet/PhD_AU/Python_Scripts/DiffusionModels/SBGM_SD/data_analysis_pipeline/saved/statistics_run/stats/DANRA/prcp/train/global_stats__DANRA__589x789__crop__170_350_340_520__prcp__train.json
2026-01-27 14:42:22 | INFO    | B2_local__32b6a904__20260127T134222Z | sbgm.data_modules | Topography will be scaled to [-1, 1] interval.
2026-01-27 14:42:22 | INFO    | B2_local__32b6a904__20260127T134222Z | sbgm.training_utils | [seasonal] conditional=True, sin/cos=True, leap_years=True

2026-01-27 14:42:22 | INFO    | B2_local__32b6a904__20260127T134222Z | sbgm.training_utils | 
Training dataset: 70 samples
2026-01-27 14:42:22 | INFO    | B2_local__32b6a904__20260127T134222Z | sbgm.training_utils | Validation dataset: 15 samples
2026-01-27 14:42:22 | INFO    | B2_local__32b6a904__20260127T134222Z | sbgm.training_utils | Generation dataset: 15 samples

2026-01-27 14:42:22 | INFO    | B2_local__32b6a904__20260127T134222Z | sbgm.training_utils | Batch size: 4
2026-01-27 14:42:22 | INFO    | B2_local__32b6a904__20260127T134222Z | sbgm.training_utils | Number of workers: 0

2026-01-27 14:42:22 | INFO    | B2_local__32b6a904__20260127T134222Z | sbgm.data_modules | [data][sample0] temp_lr shape=(1, 128, 128) (expected channels=1)
2026-01-27 14:42:22 | INFO    | B2_local__32b6a904__20260127T134222Z | sbgm.data_modules | [data][sample0] prcp_lr shape=(1, 128, 128) (expected channels=1)
2026-01-27 14:42:22 | INFO    | B2_local__32b6a904__20260127T134222Z | sbgm.data_modules | [data][sample0] temp_lr stats (per-channel): {'min': -1.3589746952056885, 'max': -0.6442329287528992, 'mean': -0.9522017240524292, 'std': 0.1468561589717865}
2026-01-27 14:42:22 | INFO    | B2_local__32b6a904__20260127T134222Z | sbgm.data_modules | [data][sample0] prcp_lr stats (per-channel): {'min': 0.21091556549072266, 'max': 0.6473447680473328, 'mean': 0.4613860845565796, 'std': 0.06797017902135849}
2026-01-27 14:42:22 | INFO    | B2_local__32b6a904__20260127T134222Z | sbgm.training_main |           date: 20120202
2026-01-27 14:42:22 | INFO    | B2_local__32b6a904__20260127T134222Z | sbgm.training_main |           temp_lr: torch.Size([1, 128, 128])
2026-01-27 14:42:22 | INFO    | B2_local__32b6a904__20260127T134222Z | sbgm.training_main |               temp_lr device: cpu
2026-01-27 14:42:22 | INFO    | B2_local__32b6a904__20260127T134222Z | sbgm.training_main |           prcp_lr: torch.Size([1, 128, 128])
2026-01-27 14:42:22 | INFO    | B2_local__32b6a904__20260127T134222Z | sbgm.training_main |               prcp_lr device: cpu
2026-01-27 14:42:22 | INFO    | B2_local__32b6a904__20260127T134222Z | sbgm.training_main |           prcp_hr: torch.Size([1, 128, 128])
2026-01-27 14:42:22 | INFO    | B2_local__32b6a904__20260127T134222Z | sbgm.training_main |               prcp_hr device: cpu
2026-01-27 14:42:22 | INFO    | B2_local__32b6a904__20260127T134222Z | sbgm.training_main |           lsm_hr: torch.Size([1, 128, 128])
2026-01-27 14:42:22 | INFO    | B2_local__32b6a904__20260127T134222Z | sbgm.training_main |               lsm_hr device: cpu
2026-01-27 14:42:22 | INFO    | B2_local__32b6a904__20260127T134222Z | sbgm.training_main |           lsm: torch.Size([1, 128, 128])
2026-01-27 14:42:22 | INFO    | B2_local__32b6a904__20260127T134222Z | sbgm.training_main |               lsm device: cpu
2026-01-27 14:42:22 | INFO    | B2_local__32b6a904__20260127T134222Z | sbgm.training_main |           topo: torch.Size([1, 128, 128])
2026-01-27 14:42:22 | INFO    | B2_local__32b6a904__20260127T134222Z | sbgm.training_main |               topo device: cpu
2026-01-27 14:42:22 | INFO    | B2_local__32b6a904__20260127T134222Z | sbgm.training_main |           y: torch.Size([2])
2026-01-27 14:42:22 | INFO    | B2_local__32b6a904__20260127T134222Z | sbgm.training_main |               y device: cpu
2026-01-27 14:42:22 | INFO    | B2_local__32b6a904__20260127T134222Z | sbgm.training_main |           sdf: torch.Size([1, 128, 128])
2026-01-27 14:42:22 | INFO    | B2_local__32b6a904__20260127T134222Z | sbgm.training_main |               sdf device: cpu
2026-01-27 14:42:22 | INFO    | B2_local__32b6a904__20260127T134222Z | sbgm.training_main |           hr_points: [209, 337, 342, 470]
2026-01-27 14:42:22 | INFO    | B2_local__32b6a904__20260127T134222Z | sbgm.training_main |           lr_points: [209, 337, 342, 470]
2026-01-27 14:42:23 | INFO    | B2_local__32b6a904__20260127T134222Z | sbgm.training_main | 

          ▸ Saved initial sample plot to /Users/au728490/OneDrive - Aarhus universitet/PhD_AU/Python_Scripts/DiffusionModels/SBGM_SD/models_and_samples/generated_samples/samples/B2_local__HR_prcp_DANRA__SIZE_128x128__LR_temp_prcp_ERA5__LOSS_sdfweighted__HEADS_4__TIMESTEPS_56/Figures/Initial_sample_plot.png
2026-01-27 14:42:23 | INFO    | B2_local__32b6a904__20260127T134222Z | sbgm.training_utils | Input channels: 4
2026-01-27 14:42:23 | INFO    | B2_local__32b6a904__20260127T134222Z | sbgm.training_utils | Output channels: 1
2026-01-27 14:42:23 | INFO    | B2_local__32b6a904__20260127T134222Z | sbgm.training_utils | Using device: cpu
2026-01-27 14:42:23 | INFO    | B2_local__32b6a904__20260127T134222Z | sbgm.training_utils | [MODEL] use_resize_conv: False, decoder_norm: group, decoder_gn_groups: 8, decoder_activation: SiLU
2026-01-27 14:42:23 | INFO    | B2_local__32b6a904__20260127T134222Z | sbgm.training_main |           ▸ Using learning rate scheduler: ReduceLROnPlateau
2026-01-27 14:42:23 | WARNING | B2_local__32b6a904__20260127T134222Z | py.warnings | /Users/au728490/opt/anaconda3/envs/torch/lib/python3.11/site-packages/torch/optim/lr_scheduler.py:28: UserWarning: The verbose parameter is deprecated. Please use get_last_lr() to access the learning rate.
  warnings.warn("The verbose parameter is deprecated. Please use get_last_lr() "

2026-01-27 14:42:23 | INFO    | B2_local__32b6a904__20260127T134222Z | sbgm.training | [train] LR channel layout (cfg mirror):
  lr_vars            : ['temp', 'prcp']
  main_lr_cond       : prcp
  slices             : {'temp': {'main': (0, 1)}, 'prcp': {'main': (1, 2)}}
  spaces             : {'temp': {'main': 'lr_stats'}, 'prcp': {'main': 'lr_stats'}}
  n_channels_total   : 2
2026-01-27 14:42:23 | INFO    | B2_local__32b6a904__20260127T134222Z | sbgm.training | Determined LR scaling method for target variable 'prcp': log_zscore
2026-01-27 14:42:23 | INFO    | B2_local__32b6a904__20260127T134222Z | sbgm.training | → RainGate auxiliary head enabled
2026-01-27 14:42:23 | INFO    | B2_local__32b6a904__20260127T134222Z | sbgm.training | → Model weights initialized with Xavier uniform initialization.
2026-01-27 14:42:23 | INFO    | B2_local__32b6a904__20260127T134222Z | sbgm.training | → Checkpoint directory already exists at /Users/au728490/OneDrive - Aarhus universitet/PhD_AU/Python_Scripts/DiffusionModels/SBGM_SD/models_and_samples/trained_models
2026-01-27 14:42:23 | INFO    | B2_local__32b6a904__20260127T134222Z | sbgm.training | → Metrics directory created at /Users/au728490/OneDrive - Aarhus universitet/PhD_AU/Python_Scripts/DiffusionModels/SBGM_SD/models_and_samples/generated_samples/samples/B2_local__HR_prcp_DANRA__SIZE_128x128__LR_temp_prcp_ERA5__LOSS_sdfweighted__HEADS_4__TIMESTEPS_56/Figures/metrics
2026-01-27 14:42:23 | INFO    | B2_local__32b6a904__20260127T134222Z | sbgm.training | → Diagnostics directory created at /Users/au728490/OneDrive - Aarhus universitet/PhD_AU/Python_Scripts/DiffusionModels/SBGM_SD/models_and_samples/generated_samples/samples/B2_local__HR_prcp_DANRA__SIZE_128x128__LR_temp_prcp_ERA5__LOSS_sdfweighted__HEADS_4__TIMESTEPS_56/Figures/metrics/debug
2026-01-27 14:42:23 | INFO    | B2_local__32b6a904__20260127T134222Z | sbgm.training | → Rain gating head enabled: True, c_hidden: 2
2026-01-27 14:42:23 | INFO    | B2_local__32b6a904__20260127T134222Z | sbgm.training_main |           ▸ No checkpoint found at /Users/au728490/OneDrive - Aarhus universitet/PhD_AU/Python_Scripts/DiffusionModels/SBGM_SD/models_and_samples/trained_models. Starting training from scratch.
2026-01-27 14:42:23 | INFO    | B2_local__32b6a904__20260127T134222Z | sbgm.training_main | 

          ▸ Using CPU for training.
2026-01-27 14:42:23 | INFO    | B2_local__32b6a904__20260127T134222Z | sbgm.training_main |           ▸ Number of parameters in model: 18,105,411
2026-01-27 14:42:23 | INFO    | B2_local__32b6a904__20260127T134222Z | sbgm.training_main |           ▸ Number of trainable parameters in model: 18,105,411
2026-01-27 14:42:23 | INFO    | B2_local__32b6a904__20260127T134222Z | sbgm.training_main |           ▸ Number of non-trainable parameters in model: 0
2026-01-27 14:42:23 | INFO    | B2_local__32b6a904__20260127T134222Z | sbgm.training_main | 

          === STARTING TRAINING MAIN LOOP ===

2026-01-27 14:42:23 | INFO    | B2_local__32b6a904__20260127T134222Z | sbgm.training | → Classifier-Free Guidance (CFG) enabled: False
2026-01-27 14:42:23 | INFO    | B2_local__32b6a904__20260127T134222Z | sbgm.training | → EMA enabled: False; decay: 0.999; eval_use_ema: False
2026-01-27 14:42:23 | INFO    | B2_local__32b6a904__20260127T134222Z | sbgm.training | 

      ▸ Starting epoch 1/2...
2026-01-27 14:42:23 | INFO    | B2_local__32b6a904__20260127T134222Z | sbgm.training | [train] edm.predict_residual=False → lr_ups_baseline not built; residual diagnostics will be None (expected).
2026-01-27 14:42:37 | INFO    | B2_local__32b6a904__20260127T134222Z | sbgm.training | → Epoch 1 completed: Avg. training Loss: 0.9514
2026-01-27 14:42:37 | INFO    | B2_local__32b6a904__20260127T134222Z | sbgm.data_modules | [data][sample0] temp_lr shape=(1, 128, 128) (expected channels=1)
2026-01-27 14:42:37 | INFO    | B2_local__32b6a904__20260127T134222Z | sbgm.data_modules | [data][sample0] prcp_lr shape=(1, 128, 128) (expected channels=1)
2026-01-27 14:42:37 | INFO    | B2_local__32b6a904__20260127T134222Z | sbgm.data_modules | [data][sample0] temp_lr stats (per-channel): {'min': 0.5269775986671448, 'max': 0.8269045948982239, 'mean': 0.6593222618103027, 'std': 0.0672963336110115}
2026-01-27 14:42:37 | INFO    | B2_local__32b6a904__20260127T134222Z | sbgm.data_modules | [data][sample0] prcp_lr stats (per-channel): {'min': 0.10124406963586807, 'max': 0.6909025311470032, 'mean': 0.45169222354888916, 'std': 0.14783962070941925}
2026-01-27 14:42:37 | INFO    | B2_local__32b6a904__20260127T134222Z | sbgm.training | [val] edm.predict_residual=False → lr_ups_baseline not built (expected).
2026-01-27 14:42:37 | INFO    | B2_local__32b6a904__20260127T134222Z | sbgm.training | → [monitor][val] Step 0: EDM cosine metric: 0.6059
2026-01-27 14:42:37 | INFO    | B2_local__32b6a904__20260127T134222Z | sbgm.training | → [monitor][val] Step 0: HR-LR corr: 0.3660
2026-01-27 14:42:38 | INFO    | B2_local__32b6a904__20260127T134222Z | sbgm.training | [debug][rain_gate] Saved reliability plot to /Users/au728490/OneDrive - Aarhus universitet/PhD_AU/Python_Scripts/DiffusionModels/SBGM_SD/models_and_samples/generated_samples/samples/B2_local__HR_prcp_DANRA__SIZE_128x128__LR_temp_prcp_ERA5__LOSS_sdfweighted__HEADS_4__TIMESTEPS_56/Figures/metrics/debug/reliability_epoch001.png
2026-01-27 14:42:38 | INFO    | B2_local__32b6a904__20260127T134222Z | sbgm.training | → Validation Loss: 0.9057
2026-01-27 14:42:38 | INFO    | B2_local__32b6a904__20260127T134222Z | sbgm.training | → Learning rate after epoch 1: 0.000200
2026-01-27 14:42:39 | INFO    | B2_local__32b6a904__20260127T134222Z | sbgm.training | → Best model saved with validation loss: 0.9057 at epoch 1.
2026-01-27 14:42:39 | INFO    | B2_local__32b6a904__20260127T134222Z | sbgm.training | → Checkpoint saved to /Users/au728490/OneDrive - Aarhus universitet/PhD_AU/Python_Scripts/DiffusionModels/SBGM_SD/models_and_samples/trained_models/B2_local__HR_prcp_DANRA__SIZE_128x128__LR_temp_prcp_ERA5__LOSS_sdfweighted__HEADS_4__TIMESTEPS_56.pth.tar
2026-01-27 14:42:39 | INFO    | B2_local__32b6a904__20260127T134222Z | sbgm.training | → Losses plot saved to /Users/au728490/OneDrive - Aarhus universitet/PhD_AU/Python_Scripts/DiffusionModels/SBGM_SD/models_and_samples/generated_samples/samples/B2_local__HR_prcp_DANRA__SIZE_128x128__LR_temp_prcp_ERA5__LOSS_sdfweighted__HEADS_4__TIMESTEPS_56/Figures/losses_plot_B2_local__HR_prcp_DANRA__SIZE_128x128__LR_temp_prcp_ERA5__LOSS_sdfweighted__HEADS_4__TIMESTEPS_56.png
2026-01-27 14:42:39 | INFO    | B2_local__32b6a904__20260127T134222Z | sbgm.training | → Generating and plotting samples at epoch 1 (new best model)...
2026-01-27 14:42:39 | INFO    | B2_local__32b6a904__20260127T134222Z | sbgm.training | → Loaded model weights into the main model from checkpoint /Users/au728490/OneDrive - Aarhus universitet/PhD_AU/Python_Scripts/DiffusionModels/SBGM_SD/models_and_samples/trained_models/B2_local__HR_prcp_DANRA__SIZE_128x128__LR_temp_prcp_ERA5__LOSS_sdfweighted__HEADS_4__TIMESTEPS_56.pth.tar for sampling.
2026-01-27 14:42:39 | INFO    | B2_local__32b6a904__20260127T134222Z | sbgm.training | → Sampling using EDM sampler...
2026-01-27 14:42:39 | INFO    | B2_local__32b6a904__20260127T134222Z | sbgm.training | [gen] Using scaling_split='train' for back-transforms.
2026-01-27 14:42:39 | INFO    | B2_local__32b6a904__20260127T134222Z | sbgm.training | [gen] LR channel map (cfg mirror): {'order': ['temp', 'prcp'], 'main_lr_cond': 'prcp', 'slices': {'temp': {'main': (0, 1)}, 'prcp': {'main': (1, 2)}}, 'spaces': {'temp': {'main': 'lr_stats'}, 'prcp': {'main': 'lr_stats'}}, 'n_channels_total': 2}
2026-01-27 14:42:39 | INFO    | B2_local__32b6a904__20260127T134222Z | sbgm.training | [debug] back-transforms keys: ['generated', 'prcp_hr', 'prcp_lr', 'prcp_lr_hrspace', 'prcp_lr_lrspace', 'temp_lr', 'temp_lr_lrspace']
2026-01-27 14:42:39 | INFO    | B2_local__32b6a904__20260127T134222Z | sbgm.data_modules | [data][sample0] temp_lr shape=(1, 128, 128) (expected channels=1)
2026-01-27 14:42:39 | INFO    | B2_local__32b6a904__20260127T134222Z | sbgm.data_modules | [data][sample0] prcp_lr shape=(1, 128, 128) (expected channels=1)
2026-01-27 14:42:39 | INFO    | B2_local__32b6a904__20260127T134222Z | sbgm.data_modules | [data][sample0] temp_lr stats (per-channel): {'min': -0.39415252208709717, 'max': -0.22009052336215973, 'mean': -0.25289303064346313, 'std': 0.019667893648147583}
2026-01-27 14:42:39 | INFO    | B2_local__32b6a904__20260127T134222Z | sbgm.data_modules | [data][sample0] prcp_lr stats (per-channel): {'min': 0.44598308205604553, 'max': 0.7302472591400146, 'mean': 0.5670431852340698, 'std': 0.05058607459068298}
2026-01-27 14:42:39 | INFO    | B2_local__32b6a904__20260127T134222Z | sbgm.training | → Generating 8 samples at epoch 1, batch 0...
2026-01-27 14:42:39 | INFO    | B2_local__32b6a904__20260127T134222Z | sbgm.training |       Only plotting first 4 samples.
2026-01-27 14:42:39 | INFO    | B2_local__32b6a904__20260127T134222Z | sbgm.score_sampling | [sampler] EDM sampler settings: sigma_min=0.002, sigma_max=80.0, rho=7.0, S_churn=2.0, S_min=40.0, S_max=80.0, S_noise=1.0
2026-01-27 14:42:39 | INFO    | B2_local__32b6a904__20260127T134222Z | sbgm.score_sampling | [sampler] sigma*: 1.000, mode=global, ramp_frac=(0.60,0.85), ramp_sigma=(None,None)
2026-01-27 14:43:09 | INFO    | B2_local__32b6a904__20260127T134222Z | sbgm.training | [monitor] Applying HR back-transform to generated samples.
2026-01-27 14:43:09 | INFO    | B2_local__32b6a904__20260127T134222Z | sbgm.training | [monitor] Applying HR back-transform to ground-truth HR samples.
2026-01-27 14:43:09 | INFO    | B2_local__32b6a904__20260127T134222Z | sbgm.monitoring | [eval/x_phys] shape=(8, 1, 128, 128), dtype=torch.float32, device=cpu, finite_ratio=131072 / 131072 (100.00%)
2026-01-27 14:43:09 | INFO    | B2_local__32b6a904__20260127T134222Z | sbgm.monitoring | [eval/x_phys] min=0 max=175.6 mean=43.72 std=71.21 | P0=0 P1=0 P5=0 P50=0.4467 P95=175.6 P99=175.6 P99=175.6
2026-01-27 14:43:09 | INFO    | B2_local__32b6a904__20260127T134222Z | sbgm.plotting_utils | [plot] Saved figure to /Users/au728490/OneDrive - Aarhus universitet/PhD_AU/Python_Scripts/DiffusionModels/SBGM_SD/models_and_samples/generated_samples/samples/B2_local__HR_prcp_DANRA__SIZE_128x128__LR_temp_prcp_ERA5__LOSS_sdfweighted__HEADS_4__TIMESTEPS_56/Figures/metrics/fss_history.png
2026-01-27 14:43:09 | INFO    | B2_local__32b6a904__20260127T134222Z | sbgm.plotting_utils | [plot] Saved figure to /Users/au728490/OneDrive - Aarhus universitet/PhD_AU/Python_Scripts/DiffusionModels/SBGM_SD/models_and_samples/generated_samples/samples/B2_local__HR_prcp_DANRA__SIZE_128x128__LR_temp_prcp_ERA5__LOSS_sdfweighted__HEADS_4__TIMESTEPS_56/Figures/metrics/psd_history.png
2026-01-27 14:43:10 | INFO    | B2_local__32b6a904__20260127T134222Z | sbgm.plotting_utils | [plot] Saved figure to /Users/au728490/OneDrive - Aarhus universitet/PhD_AU/Python_Scripts/DiffusionModels/SBGM_SD/models_and_samples/generated_samples/samples/B2_local__HR_prcp_DANRA__SIZE_128x128__LR_temp_prcp_ERA5__LOSS_sdfweighted__HEADS_4__TIMESTEPS_56/Figures/metrics/quantiles_history.png
2026-01-27 14:43:13 | INFO    | B2_local__32b6a904__20260127T134222Z | sbgm.training | → Figure saved to /Users/au728490/OneDrive - Aarhus universitet/PhD_AU/Python_Scripts/DiffusionModels/SBGM_SD/models_and_samples/generated_samples/samples/B2_local__HR_prcp_DANRA__SIZE_128x128__LR_temp_prcp_ERA5__LOSS_sdfweighted__HEADS_4__TIMESTEPS_56/Figures/epoch_1_generatedSamples.png
2026-01-27 14:43:13 | INFO    | B2_local__32b6a904__20260127T134222Z | sbgm.training | → Epoch 1/2 completed. 


2026-01-27 14:43:13 | INFO    | B2_local__32b6a904__20260127T134222Z | sbgm.training | 

      ▸ Starting epoch 2/2...
2026-01-27 14:43:26 | INFO    | B2_local__32b6a904__20260127T134222Z | sbgm.training | → Epoch 2 completed: Avg. training Loss: 0.8662
2026-01-27 14:43:26 | INFO    | B2_local__32b6a904__20260127T134222Z | sbgm.training | [val] edm.predict_residual=False → lr_ups_baseline not built (expected).
2026-01-27 14:43:26 | INFO    | B2_local__32b6a904__20260127T134222Z | sbgm.training | → [monitor][val] Step 0: EDM cosine metric: 0.6909
2026-01-27 14:43:26 | INFO    | B2_local__32b6a904__20260127T134222Z | sbgm.training | → [monitor][val] Step 0: HR-LR corr: 0.4258
2026-01-27 14:43:27 | INFO    | B2_local__32b6a904__20260127T134222Z | sbgm.training | [debug][rain_gate] Saved reliability plot to /Users/au728490/OneDrive - Aarhus universitet/PhD_AU/Python_Scripts/DiffusionModels/SBGM_SD/models_and_samples/generated_samples/samples/B2_local__HR_prcp_DANRA__SIZE_128x128__LR_temp_prcp_ERA5__LOSS_sdfweighted__HEADS_4__TIMESTEPS_56/Figures/metrics/debug/reliability_epoch001.png
2026-01-27 14:43:27 | INFO    | B2_local__32b6a904__20260127T134222Z | sbgm.training | → Validation Loss: 0.9147
2026-01-27 14:43:27 | INFO    | B2_local__32b6a904__20260127T134222Z | sbgm.training | → Learning rate after epoch 2: 0.000200
2026-01-27 14:43:27 | INFO    | B2_local__32b6a904__20260127T134222Z | sbgm.training | → Losses plot saved to /Users/au728490/OneDrive - Aarhus universitet/PhD_AU/Python_Scripts/DiffusionModels/SBGM_SD/models_and_samples/generated_samples/samples/B2_local__HR_prcp_DANRA__SIZE_128x128__LR_temp_prcp_ERA5__LOSS_sdfweighted__HEADS_4__TIMESTEPS_56/Figures/losses_plot_B2_local__HR_prcp_DANRA__SIZE_128x128__LR_temp_prcp_ERA5__LOSS_sdfweighted__HEADS_4__TIMESTEPS_56.png
2026-01-27 14:43:27 | INFO    | B2_local__32b6a904__20260127T134222Z | sbgm.training | → Epoch 2/2 completed. 


2026-01-27 14:43:27 | INFO    | B2_local__32b6a904__20260127T134222Z | sbgm.training_main | 

       === TRAINING COMPLETE ===


2026-01-27 14:43:27 | INFO    | B2_local__32b6a904__20260127T134222Z | sbgm.logging_utils | 
═══════════════════════
   TRAINING DONE
═══════════════════════
2026-01-27 14:43:27 | INFO    | B2_local__32b6a904__20260127T134222Z | sbgm.logging_utils | 
═════════════════════════
   QUICKLOOK START
═════════════════════════
2026-01-27 14:43:27 | INFO    | B2_local__32b6a904__20260127T134222Z | sbgm.training_utils | Input channels: 4
2026-01-27 14:43:27 | INFO    | B2_local__32b6a904__20260127T134222Z | sbgm.training_utils | Output channels: 1
2026-01-27 14:43:27 | INFO    | B2_local__32b6a904__20260127T134222Z | sbgm.training_utils | Using device: cpu
2026-01-27 14:43:27 | INFO    | B2_local__32b6a904__20260127T134222Z | sbgm.training_utils | [MODEL] use_resize_conv: False, decoder_norm: group, decoder_gn_groups: 8, decoder_activation: SiLU
2026-01-27 14:43:27 | INFO    | B2_local__32b6a904__20260127T134222Z | sbgm.training_utils | 
[get_final_gen_dataloader] Using HR data type: DANRA prcp [mm]
2026-01-27 14:43:27 | INFO    | B2_local__32b6a904__20260127T134222Z | sbgm.training_utils | [get_final_gen_dataloader] Using LR data type 1: ERA5 temp [$^\circ$C]
2026-01-27 14:43:27 | INFO    | B2_local__32b6a904__20260127T134222Z | sbgm.training_utils | [get_final_gen_dataloader] Using LR data type 2: ERA5 prcp [mm]
2026-01-27 14:43:27 | INFO    | B2_local__32b6a904__20260127T134222Z | sbgm.training_utils | [get_final_gen_dataloader] SDF weighted loss enabled → forcing geo sampling.
2026-01-27 14:43:27 | INFO    | B2_local__32b6a904__20260127T134222Z | sbgm.training_utils | [get_final_gen_dataloader] Using geographical features for sampling.
2026-01-27 14:43:27 | INFO    | B2_local__32b6a904__20260127T134222Z | sbgm.data_modules | Loading zarr group for condition temp
2026-01-27 14:43:27 | INFO    | B2_local__32b6a904__20260127T134222Z | sbgm.data_modules | Loading zarr group for condition prcp
2026-01-27 14:43:27 | INFO    | B2_local__32b6a904__20260127T134222Z | sbgm.data_modules | [data] LR channel layout summary:
  LR conditions        : ['temp', 'prcp']
  Main LR condition    : prcp
  dual_lr              : False
  lr_main_var_scale    : LR
  channel order        : ['temp', 'prcp']
  channel slices       : {'temp': {'main': (0, 1)}, 'prcp': {'main': (1, 2)}}
  channel spaces       : {'temp': {'main': 'lr_stats'}, 'prcp': {'main': 'lr_stats'}}
  total LR channels    : 2
2026-01-27 14:43:27 | INFO    | B2_local__32b6a904__20260127T134222Z | sbgm.data_modules | Using fixed cutout for HR with bounds: [200, 328, 380, 508]
2026-01-27 14:43:27 | INFO    | B2_local__32b6a904__20260127T134222Z | sbgm.data_modules | Using fixed cutout for LR with bounds: [200, 328, 380, 508]
2026-01-27 14:43:27 | INFO    | B2_local__32b6a904__20260127T134222Z | sbgm.data_modules | Using N=15 fixed sequential dates for generation split starting at index 0.
2026-01-27 14:43:27 | INFO    | B2_local__32b6a904__20260127T134222Z | sbgm.data_modules | LR condition: temp, scaling method: zscore
2026-01-27 14:43:27 | INFO    | B2_local__32b6a904__20260127T134222Z | sbgm.special_transforms | Loading stats from /Users/au728490/OneDrive - Aarhus universitet/PhD_AU/Python_Scripts/DiffusionModels/SBGM_SD/data_analysis_pipeline/saved/statistics_run/stats/ERA5/temp/train/global_stats__ERA5__589x789__crop__170_350_340_520__temp__train.json
2026-01-27 14:43:27 | INFO    | B2_local__32b6a904__20260127T134222Z | sbgm.data_modules | [data] LR transform for 'temp': single-channel → space=lr_stats
2026-01-27 14:43:27 | INFO    | B2_local__32b6a904__20260127T134222Z | sbgm.data_modules | LR condition: prcp, scaling method: log_zscore
2026-01-27 14:43:27 | INFO    | B2_local__32b6a904__20260127T134222Z | sbgm.special_transforms | Loading stats from /Users/au728490/OneDrive - Aarhus universitet/PhD_AU/Python_Scripts/DiffusionModels/SBGM_SD/data_analysis_pipeline/saved/statistics_run/stats/ERA5/prcp/train/global_stats__ERA5__589x789__crop__170_350_340_520__prcp__train.json
2026-01-27 14:43:27 | INFO    | B2_local__32b6a904__20260127T134222Z | sbgm.data_modules | Main LR condition 'prcp' scaled using 'LR' stats from model 'ERA5'.
2026-01-27 14:43:27 | INFO    | B2_local__32b6a904__20260127T134222Z | sbgm.data_modules | [data] LR transform for 'temp': single-channel → space=lr_stats
2026-01-27 14:43:27 | INFO    | B2_local__32b6a904__20260127T134222Z | sbgm.data_modules | [data] LR transform for 'prcp': single-channel → space=lr_stats
2026-01-27 14:43:27 | INFO    | B2_local__32b6a904__20260127T134222Z | sbgm.special_transforms | Loading stats from /Users/au728490/OneDrive - Aarhus universitet/PhD_AU/Python_Scripts/DiffusionModels/SBGM_SD/data_analysis_pipeline/saved/statistics_run/stats/DANRA/prcp/train/global_stats__DANRA__589x789__crop__170_350_340_520__prcp__train.json
2026-01-27 14:43:27 | INFO    | B2_local__32b6a904__20260127T134222Z | sbgm.data_modules | Topography will be scaled to [-1, 1] interval.
2026-01-27 14:43:27 | INFO    | B2_local__32b6a904__20260127T134222Z | sbgm.training_utils | [get_final_gen_dataloader] Split='test', n_samples_total=15, n_base=15, using n_use=15
2026-01-27 14:43:28 | INFO    | B2_local__32b6a904__20260127T134222Z | sbgm.data_modules | [data][sample0] temp_lr shape=(1, 128, 128) (expected channels=1)
2026-01-27 14:43:28 | INFO    | B2_local__32b6a904__20260127T134222Z | sbgm.data_modules | [data][sample0] prcp_lr shape=(1, 128, 128) (expected channels=1)
2026-01-27 14:43:28 | INFO    | B2_local__32b6a904__20260127T134222Z | sbgm.data_modules | [data][sample0] temp_lr stats (per-channel): {'min': -0.39415252208709717, 'max': -0.22009052336215973, 'mean': -0.25289303064346313, 'std': 0.019667893648147583}
2026-01-27 14:43:28 | INFO    | B2_local__32b6a904__20260127T134222Z | sbgm.data_modules | [data][sample0] prcp_lr stats (per-channel): {'min': 0.44598308205604553, 'max': 0.7302472591400146, 'mean': 0.5670431852340698, 'std': 0.05058607459068298}
2026-01-27 14:43:28 | INFO    | B2_local__32b6a904__20260127T134222Z | sbgm.generate.generation | [generation] Evaluation HR bounds for static LSM: [200, 328, 380, 508]
2026-01-27 14:43:28 | INFO    | B2_local__32b6a904__20260127T134222Z | sbgm.generate.generation | [generation] Using model: B2_local__HR_prcp_DANRA__SIZE_128x128__LR_temp_prcp_ERA5__LOSS_sdfweighted__HEADS_4__TIMESTEPS_56
2026-01-27 14:43:28 | INFO    | B2_local__32b6a904__20260127T134222Z | sbgm.generate.generation | [generation] cfg: ensemble_size=5, steps=56, save_space=physical, predict_residual=False, out_root=/Users/au728490/OneDrive - Aarhus universitet/PhD_AU/Python_Scripts/DiffusionModels/SBGM_SD/models_and_samples/generated_samples/quicklook/B2_local__HR_prcp_DANRA__SIZE_128x128__LR_temp_prcp_ERA5__LOSS_sdfweighted__HEADS_4__TIMESTEPS_56
2026-01-27 14:43:28 | INFO    | B2_local__32b6a904__20260127T134222Z | sbgm.generate.generation | [generation] Generating for date 19920412 (1/6) with ensemble size 5.
2026-01-27 14:43:28 | INFO    | B2_local__32b6a904__20260127T134222Z | sbgm.score_sampling | [sampler] EDM sampler settings: sigma_min=0.002, sigma_max=80.0, rho=7.0, S_churn=2.0, S_min=40.0, S_max=80.0, S_noise=1.0
2026-01-27 14:43:28 | INFO    | B2_local__32b6a904__20260127T134222Z | sbgm.score_sampling | [sampler] sigma*: 1.000, mode=global, ramp_frac=(0.60,0.85), ramp_sigma=(None,None)
2026-01-27 14:43:49 | INFO    | B2_local__32b6a904__20260127T134222Z | sbgm.generate.generation | [generation] Appended quicklook payload for 19920412
2026-01-27 14:43:49 | INFO    | B2_local__32b6a904__20260127T134222Z | sbgm.generate.generation | [generation] Generating for date 19921114 (2/6) with ensemble size 5.
2026-01-27 14:43:49 | INFO    | B2_local__32b6a904__20260127T134222Z | sbgm.score_sampling | [sampler] EDM sampler settings: sigma_min=0.002, sigma_max=80.0, rho=7.0, S_churn=2.0, S_min=40.0, S_max=80.0, S_noise=1.0
2026-01-27 14:43:49 | INFO    | B2_local__32b6a904__20260127T134222Z | sbgm.score_sampling | [sampler] sigma*: 1.000, mode=global, ramp_frac=(0.60,0.85), ramp_sigma=(None,None)
2026-01-27 14:44:08 | INFO    | B2_local__32b6a904__20260127T134222Z | sbgm.generate.generation | [generation] Appended quicklook payload for 19921114
2026-01-27 14:44:08 | INFO    | B2_local__32b6a904__20260127T134222Z | sbgm.generate.generation | [generation] Generating for date 19930929 (3/6) with ensemble size 5.
2026-01-27 14:44:08 | INFO    | B2_local__32b6a904__20260127T134222Z | sbgm.score_sampling | [sampler] EDM sampler settings: sigma_min=0.002, sigma_max=80.0, rho=7.0, S_churn=2.0, S_min=40.0, S_max=80.0, S_noise=1.0
2026-01-27 14:44:08 | INFO    | B2_local__32b6a904__20260127T134222Z | sbgm.score_sampling | [sampler] sigma*: 1.000, mode=global, ramp_frac=(0.60,0.85), ramp_sigma=(None,None)
2026-01-27 14:44:26 | INFO    | B2_local__32b6a904__20260127T134222Z | sbgm.generate.generation | [generation] Appended quicklook payload for 19930929
2026-01-27 14:44:26 | INFO    | B2_local__32b6a904__20260127T134222Z | sbgm.generate.generation | [generation] Generating for date 19951211 (4/6) with ensemble size 5.
2026-01-27 14:44:26 | INFO    | B2_local__32b6a904__20260127T134222Z | sbgm.score_sampling | [sampler] EDM sampler settings: sigma_min=0.002, sigma_max=80.0, rho=7.0, S_churn=2.0, S_min=40.0, S_max=80.0, S_noise=1.0
2026-01-27 14:44:26 | INFO    | B2_local__32b6a904__20260127T134222Z | sbgm.score_sampling | [sampler] sigma*: 1.000, mode=global, ramp_frac=(0.60,0.85), ramp_sigma=(None,None)
2026-01-27 14:44:44 | INFO    | B2_local__32b6a904__20260127T134222Z | sbgm.generate.generation | [generation] Appended quicklook payload for 19951211
2026-01-27 14:44:44 | INFO    | B2_local__32b6a904__20260127T134222Z | sbgm.generate.generation | [generation] Generating for date 20000905 (5/6) with ensemble size 5.
2026-01-27 14:44:44 | INFO    | B2_local__32b6a904__20260127T134222Z | sbgm.score_sampling | [sampler] EDM sampler settings: sigma_min=0.002, sigma_max=80.0, rho=7.0, S_churn=2.0, S_min=40.0, S_max=80.0, S_noise=1.0
2026-01-27 14:44:44 | INFO    | B2_local__32b6a904__20260127T134222Z | sbgm.score_sampling | [sampler] sigma*: 1.000, mode=global, ramp_frac=(0.60,0.85), ramp_sigma=(None,None)
2026-01-27 14:45:01 | INFO    | B2_local__32b6a904__20260127T134222Z | sbgm.generate.generation | [generation] Appended quicklook payload for 20000905
2026-01-27 14:45:01 | INFO    | B2_local__32b6a904__20260127T134222Z | sbgm.generate.generation | [generation] Generating for date 20040616 (6/6) with ensemble size 5.
2026-01-27 14:45:01 | INFO    | B2_local__32b6a904__20260127T134222Z | sbgm.score_sampling | [sampler] EDM sampler settings: sigma_min=0.002, sigma_max=80.0, rho=7.0, S_churn=2.0, S_min=40.0, S_max=80.0, S_noise=1.0
2026-01-27 14:45:01 | INFO    | B2_local__32b6a904__20260127T134222Z | sbgm.score_sampling | [sampler] sigma*: 1.000, mode=global, ramp_frac=(0.60,0.85), ramp_sigma=(None,None)
2026-01-27 14:45:18 | INFO    | B2_local__32b6a904__20260127T134222Z | sbgm.generate.generation | [generation] Appended quicklook payload for 20040616
2026-01-27 14:45:18 | INFO    | B2_local__32b6a904__20260127T134222Z | sbgm.generate.generation | [generation] Reached max_dates=6, stopping generation early.
2026-01-27 14:45:18 | INFO    | B2_local__32b6a904__20260127T134222Z | sbgm.generate.generation | [generation] save=False (quicklook) → skipping manifest write
2026-01-27 14:45:18 | INFO    | B2_local__32b6a904__20260127T134222Z | sbgm.generate.generation | [generation] Done. Wrote 6 days to /Users/au728490/OneDrive - Aarhus universitet/PhD_AU/Python_Scripts/DiffusionModels/SBGM_SD/models_and_samples/generated_samples/quicklook/B2_local__HR_prcp_DANRA__SIZE_128x128__LR_temp_prcp_ERA5__LOSS_sdfweighted__HEADS_4__TIMESTEPS_56. Manifest: {'model': 'B2_local__HR_prcp_DANRA__SIZE_128x128__LR_temp_prcp_ERA5__LOSS_sdfweighted__HEADS_4__TIMESTEPS_56', 'ensemble_size': 5, 'sampler_kind': 'edm', 'sampler_steps': 56, 'seed': 882055, 'n_days': 6, 'save_space': 'physical', 'physical_dtype': 'float32', 'stationary_cutout_cfg': True, 'lsm_stationary_observed': True}
2026-01-27 14:45:18 | INFO    | B2_local__32b6a904__20260127T134222Z | sbgm.generate.generation | [generation] Returning in-memory results for 6 day(s)
2026-01-27 14:45:19 | WARNING | B2_local__32b6a904__20260127T134222Z | py.warnings | /Users/au728490/Library/CloudStorage/OneDrive-Aarhusuniversitet/PhD_AU/Python_Scripts/DiffusionModels/SBGM_SD/sbgm/generate/quicklook.py:264: UserWarning: This figure was using a layout engine that is incompatible with subplots_adjust and/or tight_layout; not calling subplots_adjust.
  fig.subplots_adjust(top=0.90)

2026-01-27 14:45:21 | INFO    | B2_local__32b6a904__20260127T134222Z | sbgm.generate.quicklook | [quicklook] Done. Quicklook PNGs (if enabled) at: /Users/au728490/OneDrive - Aarhus universitet/PhD_AU/Python_Scripts/DiffusionModels/SBGM_SD/models_and_samples/generated_samples/quicklook/B2_local__HR_prcp_DANRA__SIZE_128x128__LR_temp_prcp_ERA5__LOSS_sdfweighted__HEADS_4__TIMESTEPS_56
2026-01-27 14:45:21 | INFO    | B2_local__32b6a904__20260127T134222Z | sbgm.logging_utils | 
════════════════════════
   QUICKLOOK DONE
════════════════════════
2026-01-27 14:45:21 | INFO    | B2_local__32b6a904__20260127T134222Z | sbgm.logging_utils | 
══════════════════════════
   GENERATION START
══════════════════════════
2026-01-27 14:45:21 | INFO    | B2_local__32b6a904__20260127T134222Z | sbgm.training_utils | Input channels: 4
2026-01-27 14:45:21 | INFO    | B2_local__32b6a904__20260127T134222Z | sbgm.training_utils | Output channels: 1
2026-01-27 14:45:21 | INFO    | B2_local__32b6a904__20260127T134222Z | sbgm.training_utils | Using device: cpu
2026-01-27 14:45:21 | INFO    | B2_local__32b6a904__20260127T134222Z | sbgm.training_utils | [MODEL] use_resize_conv: False, decoder_norm: group, decoder_gn_groups: 8, decoder_activation: SiLU
2026-01-27 14:45:21 | INFO    | B2_local__32b6a904__20260127T134222Z | sbgm.generate.generation_main | [generation_main] Loaded checkpoint: /Users/au728490/OneDrive - Aarhus universitet/PhD_AU/Python_Scripts/DiffusionModels/SBGM_SD/models_and_samples/trained_models/B2_local__HR_prcp_DANRA__SIZE_128x128__LR_temp_prcp_ERA5__LOSS_sdfweighted__HEADS_4__TIMESTEPS_56.pth.tar
2026-01-27 14:45:21 | INFO    | B2_local__32b6a904__20260127T134222Z | sbgm.generate.generation_main | [generation_main] Using data split='valid' for generation
2026-01-27 14:45:21 | INFO    | B2_local__32b6a904__20260127T134222Z | sbgm.training_utils | 
[get_final_gen_dataloader] Using HR data type: DANRA prcp [mm]
2026-01-27 14:45:21 | INFO    | B2_local__32b6a904__20260127T134222Z | sbgm.training_utils | [get_final_gen_dataloader] Using LR data type 1: ERA5 temp [$^\circ$C]
2026-01-27 14:45:21 | INFO    | B2_local__32b6a904__20260127T134222Z | sbgm.training_utils | [get_final_gen_dataloader] Using LR data type 2: ERA5 prcp [mm]
2026-01-27 14:45:21 | INFO    | B2_local__32b6a904__20260127T134222Z | sbgm.training_utils | [get_final_gen_dataloader] High-resolution data size: (128, 128)
2026-01-27 14:45:21 | INFO    | B2_local__32b6a904__20260127T134222Z | sbgm.training_utils | [get_final_gen_dataloader] Low-resolution data size: (128, 128)
2026-01-27 14:45:21 | INFO    | B2_local__32b6a904__20260127T134222Z | sbgm.training_utils | [get_final_gen_dataloader] SDF weighted loss enabled → forcing geo sampling.
2026-01-27 14:45:21 | INFO    | B2_local__32b6a904__20260127T134222Z | sbgm.training_utils | [get_final_gen_dataloader] Using geographical features for sampling.
2026-01-27 14:45:21 | INFO    | B2_local__32b6a904__20260127T134222Z | sbgm.training_utils | [get_final_gen_dataloader] Split='valid', raw HR samples=15, cache_size_gen=0
2026-01-27 14:45:21 | INFO    | B2_local__32b6a904__20260127T134222Z | sbgm.data_modules | Loading zarr group for condition temp
2026-01-27 14:45:21 | INFO    | B2_local__32b6a904__20260127T134222Z | sbgm.data_modules | Loading zarr group for condition prcp
2026-01-27 14:45:21 | INFO    | B2_local__32b6a904__20260127T134222Z | sbgm.data_modules | [data] LR channel layout summary:
  LR conditions        : ['temp', 'prcp']
  Main LR condition    : prcp
  dual_lr              : False
  lr_main_var_scale    : LR
  channel order        : ['temp', 'prcp']
  channel slices       : {'temp': {'main': (0, 1)}, 'prcp': {'main': (1, 2)}}
  channel spaces       : {'temp': {'main': 'lr_stats'}, 'prcp': {'main': 'lr_stats'}}
  total LR channels    : 2
2026-01-27 14:45:21 | INFO    | B2_local__32b6a904__20260127T134222Z | sbgm.data_modules | Using fixed cutout for HR with bounds: [200, 328, 380, 508]
2026-01-27 14:45:21 | INFO    | B2_local__32b6a904__20260127T134222Z | sbgm.data_modules | Using fixed cutout for LR with bounds: [200, 328, 380, 508]
2026-01-27 14:45:21 | INFO    | B2_local__32b6a904__20260127T134222Z | sbgm.data_modules | LR condition: temp, scaling method: zscore
2026-01-27 14:45:21 | INFO    | B2_local__32b6a904__20260127T134222Z | sbgm.special_transforms | Loading stats from /Users/au728490/OneDrive - Aarhus universitet/PhD_AU/Python_Scripts/DiffusionModels/SBGM_SD/data_analysis_pipeline/saved/statistics_run/stats/ERA5/temp/train/global_stats__ERA5__589x789__crop__170_350_340_520__temp__train.json
2026-01-27 14:45:21 | INFO    | B2_local__32b6a904__20260127T134222Z | sbgm.data_modules | [data] LR transform for 'temp': single-channel → space=lr_stats
2026-01-27 14:45:21 | INFO    | B2_local__32b6a904__20260127T134222Z | sbgm.data_modules | LR condition: prcp, scaling method: log_zscore
2026-01-27 14:45:21 | INFO    | B2_local__32b6a904__20260127T134222Z | sbgm.special_transforms | Loading stats from /Users/au728490/OneDrive - Aarhus universitet/PhD_AU/Python_Scripts/DiffusionModels/SBGM_SD/data_analysis_pipeline/saved/statistics_run/stats/ERA5/prcp/train/global_stats__ERA5__589x789__crop__170_350_340_520__prcp__train.json
2026-01-27 14:45:21 | INFO    | B2_local__32b6a904__20260127T134222Z | sbgm.data_modules | Main LR condition 'prcp' scaled using 'LR' stats from model 'ERA5'.
2026-01-27 14:45:21 | INFO    | B2_local__32b6a904__20260127T134222Z | sbgm.data_modules | [data] LR transform for 'temp': single-channel → space=lr_stats
2026-01-27 14:45:21 | INFO    | B2_local__32b6a904__20260127T134222Z | sbgm.data_modules | [data] LR transform for 'prcp': single-channel → space=lr_stats
2026-01-27 14:45:21 | INFO    | B2_local__32b6a904__20260127T134222Z | sbgm.special_transforms | Loading stats from /Users/au728490/OneDrive - Aarhus universitet/PhD_AU/Python_Scripts/DiffusionModels/SBGM_SD/data_analysis_pipeline/saved/statistics_run/stats/DANRA/prcp/train/global_stats__DANRA__589x789__crop__170_350_340_520__prcp__train.json
2026-01-27 14:45:21 | INFO    | B2_local__32b6a904__20260127T134222Z | sbgm.data_modules | Topography will be scaled to [-1, 1] interval.
2026-01-27 14:45:21 | INFO    | B2_local__32b6a904__20260127T134222Z | sbgm.training_utils | [get_final_gen_dataloader] Split='valid', n_samples_total=15, n_base=15, using n_use=15
2026-01-27 14:45:21 | INFO    | B2_local__32b6a904__20260127T134222Z | sbgm.generate.generation | [generation] Evaluation HR bounds for static LSM: [200, 328, 380, 508]
2026-01-27 14:45:21 | INFO    | B2_local__32b6a904__20260127T134222Z | sbgm.generate.generation | [generation] Using model: B2_local__HR_prcp_DANRA__SIZE_128x128__LR_temp_prcp_ERA5__LOSS_sdfweighted__HEADS_4__TIMESTEPS_56
2026-01-27 14:45:21 | INFO    | B2_local__32b6a904__20260127T134222Z | sbgm.generate.generation | [generation] cfg: ensemble_size=32, steps=56, save_space=physical, predict_residual=False, out_root=/Users/au728490/OneDrive - Aarhus universitet/PhD_AU/Python_Scripts/DiffusionModels/SBGM_SD/models_and_samples/generated_samples/generation/B2_local__HR_prcp_DANRA__SIZE_128x128__LR_temp_prcp_ERA5__LOSS_sdfweighted__HEADS_4__TIMESTEPS_56
2026-01-27 14:45:21 | INFO    | B2_local__32b6a904__20260127T134222Z | sbgm.data_modules | [data][sample0] temp_lr shape=(1, 128, 128) (expected channels=1)
2026-01-27 14:45:21 | INFO    | B2_local__32b6a904__20260127T134222Z | sbgm.data_modules | [data][sample0] prcp_lr shape=(1, 128, 128) (expected channels=1)
2026-01-27 14:45:21 | INFO    | B2_local__32b6a904__20260127T134222Z | sbgm.data_modules | [data][sample0] temp_lr stats (per-channel): {'min': 0.6752057671546936, 'max': 1.0066872835159302, 'mean': 0.8696794509887695, 'std': 0.08221956342458725}
2026-01-27 14:45:21 | INFO    | B2_local__32b6a904__20260127T134222Z | sbgm.data_modules | [data][sample0] prcp_lr stats (per-channel): {'min': -0.3628925681114197, 'max': 0.7735186815261841, 'mean': 0.4730272889137268, 'std': 0.23931588232517242}
2026-01-27 14:45:21 | INFO    | B2_local__32b6a904__20260127T134222Z | sbgm.generate.generation | [generation] Generating for date 19910813 (1/15) with ensemble size 32.
2026-01-27 14:45:21 | INFO    | B2_local__32b6a904__20260127T134222Z | sbgm.generate.generation | [generation] Saved per-date land mask → /Users/au728490/OneDrive - Aarhus universitet/PhD_AU/Python_Scripts/DiffusionModels/SBGM_SD/models_and_samples/generated_samples/generation/B2_local__HR_prcp_DANRA__SIZE_128x128__LR_temp_prcp_ERA5__LOSS_sdfweighted__HEADS_4__TIMESTEPS_56/lsm/19910813.npz
2026-01-27 14:45:21 | INFO    | B2_local__32b6a904__20260127T134222Z | sbgm.generate.generation | [generation] Saved canonical land mask → /Users/au728490/OneDrive - Aarhus universitet/PhD_AU/Python_Scripts/DiffusionModels/SBGM_SD/models_and_samples/generated_samples/generation/B2_local__HR_prcp_DANRA__SIZE_128x128__LR_temp_prcp_ERA5__LOSS_sdfweighted__HEADS_4__TIMESTEPS_56/meta/land_mask.npz
2026-01-27 14:45:21 | INFO    | B2_local__32b6a904__20260127T134222Z | sbgm.score_sampling | [sampler] EDM sampler settings: sigma_min=0.002, sigma_max=80.0, rho=7.0, S_churn=2.0, S_min=40.0, S_max=80.0, S_noise=1.0
2026-01-27 14:45:21 | INFO    | B2_local__32b6a904__20260127T134222Z | sbgm.score_sampling | [sampler] sigma*: 1.000, mode=global, ramp_frac=(0.60,0.85), ramp_sigma=(None,None)
2026-01-27 14:47:08 | INFO    | B2_local__32b6a904__20260127T134222Z | sbgm.generate.generation | [generation] Saved ensembles_phys → /Users/au728490/OneDrive - Aarhus universitet/PhD_AU/Python_Scripts/DiffusionModels/SBGM_SD/models_and_samples/generated_samples/generation/B2_local__HR_prcp_DANRA__SIZE_128x128__LR_temp_prcp_ERA5__LOSS_sdfweighted__HEADS_4__TIMESTEPS_56/ensembles_phys/19910813.npz
2026-01-27 14:47:08 | INFO    | B2_local__32b6a904__20260127T134222Z | sbgm.generate.generation | [generation] Saved pmm_phys → /Users/au728490/OneDrive - Aarhus universitet/PhD_AU/Python_Scripts/DiffusionModels/SBGM_SD/models_and_samples/generated_samples/generation/B2_local__HR_prcp_DANRA__SIZE_128x128__LR_temp_prcp_ERA5__LOSS_sdfweighted__HEADS_4__TIMESTEPS_56/pmm_phys/19910813.npz
2026-01-27 14:47:08 | INFO    | B2_local__32b6a904__20260127T134222Z | sbgm.generate.generation | [generation] Saved lr_hr_phys → /Users/au728490/OneDrive - Aarhus universitet/PhD_AU/Python_Scripts/DiffusionModels/SBGM_SD/models_and_samples/generated_samples/generation/B2_local__HR_prcp_DANRA__SIZE_128x128__LR_temp_prcp_ERA5__LOSS_sdfweighted__HEADS_4__TIMESTEPS_56/lr_hr_phys/19910813.npz
2026-01-27 14:47:08 | INFO    | B2_local__32b6a904__20260127T134222Z | sbgm.generate.generation | [generation] 19910813 LR means (phys): lr=2.343954086303711 lr_lrspace=2.343954086303711 lr_hrspace=None
2026-01-27 14:47:08 | INFO    | B2_local__32b6a904__20260127T134222Z | sbgm.generate.generation | [generation] Generating for date 19931215 (2/15) with ensemble size 32.
2026-01-27 14:47:08 | INFO    | B2_local__32b6a904__20260127T134222Z | sbgm.generate.generation | [generation] Saved per-date land mask → /Users/au728490/OneDrive - Aarhus universitet/PhD_AU/Python_Scripts/DiffusionModels/SBGM_SD/models_and_samples/generated_samples/generation/B2_local__HR_prcp_DANRA__SIZE_128x128__LR_temp_prcp_ERA5__LOSS_sdfweighted__HEADS_4__TIMESTEPS_56/lsm/19931215.npz
2026-01-27 14:47:08 | INFO    | B2_local__32b6a904__20260127T134222Z | sbgm.score_sampling | [sampler] EDM sampler settings: sigma_min=0.002, sigma_max=80.0, rho=7.0, S_churn=2.0, S_min=40.0, S_max=80.0, S_noise=1.0
2026-01-27 14:47:08 | INFO    | B2_local__32b6a904__20260127T134222Z | sbgm.score_sampling | [sampler] sigma*: 1.000, mode=global, ramp_frac=(0.60,0.85), ramp_sigma=(None,None)
2026-01-27 14:48:53 | INFO    | B2_local__32b6a904__20260127T134222Z | sbgm.generate.generation | [generation] Saved ensembles_phys → /Users/au728490/OneDrive - Aarhus universitet/PhD_AU/Python_Scripts/DiffusionModels/SBGM_SD/models_and_samples/generated_samples/generation/B2_local__HR_prcp_DANRA__SIZE_128x128__LR_temp_prcp_ERA5__LOSS_sdfweighted__HEADS_4__TIMESTEPS_56/ensembles_phys/19931215.npz
2026-01-27 14:48:53 | INFO    | B2_local__32b6a904__20260127T134222Z | sbgm.generate.generation | [generation] Saved pmm_phys → /Users/au728490/OneDrive - Aarhus universitet/PhD_AU/Python_Scripts/DiffusionModels/SBGM_SD/models_and_samples/generated_samples/generation/B2_local__HR_prcp_DANRA__SIZE_128x128__LR_temp_prcp_ERA5__LOSS_sdfweighted__HEADS_4__TIMESTEPS_56/pmm_phys/19931215.npz
2026-01-27 14:48:53 | INFO    | B2_local__32b6a904__20260127T134222Z | sbgm.generate.generation | [generation] Saved lr_hr_phys → /Users/au728490/OneDrive - Aarhus universitet/PhD_AU/Python_Scripts/DiffusionModels/SBGM_SD/models_and_samples/generated_samples/generation/B2_local__HR_prcp_DANRA__SIZE_128x128__LR_temp_prcp_ERA5__LOSS_sdfweighted__HEADS_4__TIMESTEPS_56/lr_hr_phys/19931215.npz
2026-01-27 14:48:53 | INFO    | B2_local__32b6a904__20260127T134222Z | sbgm.generate.generation | [generation] 19931215 LR means (phys): lr=6.134476184844971 lr_lrspace=6.134476184844971 lr_hrspace=None
2026-01-27 14:48:53 | INFO    | B2_local__32b6a904__20260127T134222Z | sbgm.generate.generation | [generation] Generating for date 19940831 (3/15) with ensemble size 32.
2026-01-27 14:48:53 | INFO    | B2_local__32b6a904__20260127T134222Z | sbgm.generate.generation | [generation] Saved per-date land mask → /Users/au728490/OneDrive - Aarhus universitet/PhD_AU/Python_Scripts/DiffusionModels/SBGM_SD/models_and_samples/generated_samples/generation/B2_local__HR_prcp_DANRA__SIZE_128x128__LR_temp_prcp_ERA5__LOSS_sdfweighted__HEADS_4__TIMESTEPS_56/lsm/19940831.npz
2026-01-27 14:48:53 | INFO    | B2_local__32b6a904__20260127T134222Z | sbgm.score_sampling | [sampler] EDM sampler settings: sigma_min=0.002, sigma_max=80.0, rho=7.0, S_churn=2.0, S_min=40.0, S_max=80.0, S_noise=1.0
2026-01-27 14:48:53 | INFO    | B2_local__32b6a904__20260127T134222Z | sbgm.score_sampling | [sampler] sigma*: 1.000, mode=global, ramp_frac=(0.60,0.85), ramp_sigma=(None,None)
2026-01-27 14:50:38 | INFO    | B2_local__32b6a904__20260127T134222Z | sbgm.generate.generation | [generation] Saved ensembles_phys → /Users/au728490/OneDrive - Aarhus universitet/PhD_AU/Python_Scripts/DiffusionModels/SBGM_SD/models_and_samples/generated_samples/generation/B2_local__HR_prcp_DANRA__SIZE_128x128__LR_temp_prcp_ERA5__LOSS_sdfweighted__HEADS_4__TIMESTEPS_56/ensembles_phys/19940831.npz
2026-01-27 14:50:38 | INFO    | B2_local__32b6a904__20260127T134222Z | sbgm.generate.generation | [generation] Saved pmm_phys → /Users/au728490/OneDrive - Aarhus universitet/PhD_AU/Python_Scripts/DiffusionModels/SBGM_SD/models_and_samples/generated_samples/generation/B2_local__HR_prcp_DANRA__SIZE_128x128__LR_temp_prcp_ERA5__LOSS_sdfweighted__HEADS_4__TIMESTEPS_56/pmm_phys/19940831.npz
2026-01-27 14:50:38 | INFO    | B2_local__32b6a904__20260127T134222Z | sbgm.generate.generation | [generation] Saved lr_hr_phys → /Users/au728490/OneDrive - Aarhus universitet/PhD_AU/Python_Scripts/DiffusionModels/SBGM_SD/models_and_samples/generated_samples/generation/B2_local__HR_prcp_DANRA__SIZE_128x128__LR_temp_prcp_ERA5__LOSS_sdfweighted__HEADS_4__TIMESTEPS_56/lr_hr_phys/19940831.npz
2026-01-27 14:50:38 | INFO    | B2_local__32b6a904__20260127T134222Z | sbgm.generate.generation | [generation] 19940831 LR means (phys): lr=0.11154937744140625 lr_lrspace=0.11154937744140625 lr_hrspace=None
2026-01-27 14:50:38 | INFO    | B2_local__32b6a904__20260127T134222Z | sbgm.generate.generation | [generation] Generating for date 19960425 (4/15) with ensemble size 32.
2026-01-27 14:50:38 | INFO    | B2_local__32b6a904__20260127T134222Z | sbgm.generate.generation | [generation] Saved per-date land mask → /Users/au728490/OneDrive - Aarhus universitet/PhD_AU/Python_Scripts/DiffusionModels/SBGM_SD/models_and_samples/generated_samples/generation/B2_local__HR_prcp_DANRA__SIZE_128x128__LR_temp_prcp_ERA5__LOSS_sdfweighted__HEADS_4__TIMESTEPS_56/lsm/19960425.npz
2026-01-27 14:50:38 | INFO    | B2_local__32b6a904__20260127T134222Z | sbgm.score_sampling | [sampler] EDM sampler settings: sigma_min=0.002, sigma_max=80.0, rho=7.0, S_churn=2.0, S_min=40.0, S_max=80.0, S_noise=1.0
2026-01-27 14:50:38 | INFO    | B2_local__32b6a904__20260127T134222Z | sbgm.score_sampling | [sampler] sigma*: 1.000, mode=global, ramp_frac=(0.60,0.85), ramp_sigma=(None,None)
2026-01-27 14:52:23 | INFO    | B2_local__32b6a904__20260127T134222Z | sbgm.generate.generation | [generation] Saved ensembles_phys → /Users/au728490/OneDrive - Aarhus universitet/PhD_AU/Python_Scripts/DiffusionModels/SBGM_SD/models_and_samples/generated_samples/generation/B2_local__HR_prcp_DANRA__SIZE_128x128__LR_temp_prcp_ERA5__LOSS_sdfweighted__HEADS_4__TIMESTEPS_56/ensembles_phys/19960425.npz
2026-01-27 14:52:23 | INFO    | B2_local__32b6a904__20260127T134222Z | sbgm.generate.generation | [generation] Saved pmm_phys → /Users/au728490/OneDrive - Aarhus universitet/PhD_AU/Python_Scripts/DiffusionModels/SBGM_SD/models_and_samples/generated_samples/generation/B2_local__HR_prcp_DANRA__SIZE_128x128__LR_temp_prcp_ERA5__LOSS_sdfweighted__HEADS_4__TIMESTEPS_56/pmm_phys/19960425.npz
2026-01-27 14:52:23 | INFO    | B2_local__32b6a904__20260127T134222Z | sbgm.generate.generation | [generation] Saved lr_hr_phys → /Users/au728490/OneDrive - Aarhus universitet/PhD_AU/Python_Scripts/DiffusionModels/SBGM_SD/models_and_samples/generated_samples/generation/B2_local__HR_prcp_DANRA__SIZE_128x128__LR_temp_prcp_ERA5__LOSS_sdfweighted__HEADS_4__TIMESTEPS_56/lr_hr_phys/19960425.npz
2026-01-27 14:52:23 | INFO    | B2_local__32b6a904__20260127T134222Z | sbgm.generate.generation | [generation] 19960425 LR means (phys): lr=3.532805919647217 lr_lrspace=3.532805919647217 lr_hrspace=None
2026-01-27 14:52:23 | INFO    | B2_local__32b6a904__20260127T134222Z | sbgm.generate.generation | [generation] Generating for date 19970301 (5/15) with ensemble size 32.
2026-01-27 14:52:23 | INFO    | B2_local__32b6a904__20260127T134222Z | sbgm.generate.generation | [generation] Saved per-date land mask → /Users/au728490/OneDrive - Aarhus universitet/PhD_AU/Python_Scripts/DiffusionModels/SBGM_SD/models_and_samples/generated_samples/generation/B2_local__HR_prcp_DANRA__SIZE_128x128__LR_temp_prcp_ERA5__LOSS_sdfweighted__HEADS_4__TIMESTEPS_56/lsm/19970301.npz
2026-01-27 14:52:23 | INFO    | B2_local__32b6a904__20260127T134222Z | sbgm.score_sampling | [sampler] EDM sampler settings: sigma_min=0.002, sigma_max=80.0, rho=7.0, S_churn=2.0, S_min=40.0, S_max=80.0, S_noise=1.0
2026-01-27 14:52:23 | INFO    | B2_local__32b6a904__20260127T134222Z | sbgm.score_sampling | [sampler] sigma*: 1.000, mode=global, ramp_frac=(0.60,0.85), ramp_sigma=(None,None)
2026-01-27 14:54:09 | INFO    | B2_local__32b6a904__20260127T134222Z | sbgm.generate.generation | [generation] Saved ensembles_phys → /Users/au728490/OneDrive - Aarhus universitet/PhD_AU/Python_Scripts/DiffusionModels/SBGM_SD/models_and_samples/generated_samples/generation/B2_local__HR_prcp_DANRA__SIZE_128x128__LR_temp_prcp_ERA5__LOSS_sdfweighted__HEADS_4__TIMESTEPS_56/ensembles_phys/19970301.npz
2026-01-27 14:54:09 | INFO    | B2_local__32b6a904__20260127T134222Z | sbgm.generate.generation | [generation] Saved pmm_phys → /Users/au728490/OneDrive - Aarhus universitet/PhD_AU/Python_Scripts/DiffusionModels/SBGM_SD/models_and_samples/generated_samples/generation/B2_local__HR_prcp_DANRA__SIZE_128x128__LR_temp_prcp_ERA5__LOSS_sdfweighted__HEADS_4__TIMESTEPS_56/pmm_phys/19970301.npz
2026-01-27 14:54:09 | INFO    | B2_local__32b6a904__20260127T134222Z | sbgm.generate.generation | [generation] Saved lr_hr_phys → /Users/au728490/OneDrive - Aarhus universitet/PhD_AU/Python_Scripts/DiffusionModels/SBGM_SD/models_and_samples/generated_samples/generation/B2_local__HR_prcp_DANRA__SIZE_128x128__LR_temp_prcp_ERA5__LOSS_sdfweighted__HEADS_4__TIMESTEPS_56/lr_hr_phys/19970301.npz
2026-01-27 14:54:09 | INFO    | B2_local__32b6a904__20260127T134222Z | sbgm.generate.generation | [generation] 19970301 LR means (phys): lr=6.760676383972168 lr_lrspace=6.760676383972168 lr_hrspace=None
2026-01-27 14:54:09 | INFO    | B2_local__32b6a904__20260127T134222Z | sbgm.generate.generation | [generation] Generating for date 19970917 (6/15) with ensemble size 32.
2026-01-27 14:54:09 | INFO    | B2_local__32b6a904__20260127T134222Z | sbgm.generate.generation | [generation] Saved per-date land mask → /Users/au728490/OneDrive - Aarhus universitet/PhD_AU/Python_Scripts/DiffusionModels/SBGM_SD/models_and_samples/generated_samples/generation/B2_local__HR_prcp_DANRA__SIZE_128x128__LR_temp_prcp_ERA5__LOSS_sdfweighted__HEADS_4__TIMESTEPS_56/lsm/19970917.npz
2026-01-27 14:54:09 | INFO    | B2_local__32b6a904__20260127T134222Z | sbgm.score_sampling | [sampler] EDM sampler settings: sigma_min=0.002, sigma_max=80.0, rho=7.0, S_churn=2.0, S_min=40.0, S_max=80.0, S_noise=1.0
2026-01-27 14:54:09 | INFO    | B2_local__32b6a904__20260127T134222Z | sbgm.score_sampling | [sampler] sigma*: 1.000, mode=global, ramp_frac=(0.60,0.85), ramp_sigma=(None,None)
2026-01-27 14:55:53 | INFO    | B2_local__32b6a904__20260127T134222Z | sbgm.generate.generation | [generation] Saved ensembles_phys → /Users/au728490/OneDrive - Aarhus universitet/PhD_AU/Python_Scripts/DiffusionModels/SBGM_SD/models_and_samples/generated_samples/generation/B2_local__HR_prcp_DANRA__SIZE_128x128__LR_temp_prcp_ERA5__LOSS_sdfweighted__HEADS_4__TIMESTEPS_56/ensembles_phys/19970917.npz
2026-01-27 14:55:53 | INFO    | B2_local__32b6a904__20260127T134222Z | sbgm.generate.generation | [generation] Saved pmm_phys → /Users/au728490/OneDrive - Aarhus universitet/PhD_AU/Python_Scripts/DiffusionModels/SBGM_SD/models_and_samples/generated_samples/generation/B2_local__HR_prcp_DANRA__SIZE_128x128__LR_temp_prcp_ERA5__LOSS_sdfweighted__HEADS_4__TIMESTEPS_56/pmm_phys/19970917.npz
2026-01-27 14:55:53 | INFO    | B2_local__32b6a904__20260127T134222Z | sbgm.generate.generation | [generation] Saved lr_hr_phys → /Users/au728490/OneDrive - Aarhus universitet/PhD_AU/Python_Scripts/DiffusionModels/SBGM_SD/models_and_samples/generated_samples/generation/B2_local__HR_prcp_DANRA__SIZE_128x128__LR_temp_prcp_ERA5__LOSS_sdfweighted__HEADS_4__TIMESTEPS_56/lr_hr_phys/19970917.npz
2026-01-27 14:55:53 | INFO    | B2_local__32b6a904__20260127T134222Z | sbgm.generate.generation | [generation] 19970917 LR means (phys): lr=1.7341057062149048 lr_lrspace=1.7341057062149048 lr_hrspace=None
2026-01-27 14:55:53 | INFO    | B2_local__32b6a904__20260127T134222Z | sbgm.generate.generation | [generation] Generating for date 19980422 (7/15) with ensemble size 32.
2026-01-27 14:55:53 | INFO    | B2_local__32b6a904__20260127T134222Z | sbgm.generate.generation | [generation] Saved per-date land mask → /Users/au728490/OneDrive - Aarhus universitet/PhD_AU/Python_Scripts/DiffusionModels/SBGM_SD/models_and_samples/generated_samples/generation/B2_local__HR_prcp_DANRA__SIZE_128x128__LR_temp_prcp_ERA5__LOSS_sdfweighted__HEADS_4__TIMESTEPS_56/lsm/19980422.npz
2026-01-27 14:55:53 | INFO    | B2_local__32b6a904__20260127T134222Z | sbgm.score_sampling | [sampler] EDM sampler settings: sigma_min=0.002, sigma_max=80.0, rho=7.0, S_churn=2.0, S_min=40.0, S_max=80.0, S_noise=1.0
2026-01-27 14:55:53 | INFO    | B2_local__32b6a904__20260127T134222Z | sbgm.score_sampling | [sampler] sigma*: 1.000, mode=global, ramp_frac=(0.60,0.85), ramp_sigma=(None,None)
2026-01-27 14:57:38 | INFO    | B2_local__32b6a904__20260127T134222Z | sbgm.generate.generation | [generation] Saved ensembles_phys → /Users/au728490/OneDrive - Aarhus universitet/PhD_AU/Python_Scripts/DiffusionModels/SBGM_SD/models_and_samples/generated_samples/generation/B2_local__HR_prcp_DANRA__SIZE_128x128__LR_temp_prcp_ERA5__LOSS_sdfweighted__HEADS_4__TIMESTEPS_56/ensembles_phys/19980422.npz
2026-01-27 14:57:38 | INFO    | B2_local__32b6a904__20260127T134222Z | sbgm.generate.generation | [generation] Saved pmm_phys → /Users/au728490/OneDrive - Aarhus universitet/PhD_AU/Python_Scripts/DiffusionModels/SBGM_SD/models_and_samples/generated_samples/generation/B2_local__HR_prcp_DANRA__SIZE_128x128__LR_temp_prcp_ERA5__LOSS_sdfweighted__HEADS_4__TIMESTEPS_56/pmm_phys/19980422.npz
2026-01-27 14:57:38 | INFO    | B2_local__32b6a904__20260127T134222Z | sbgm.generate.generation | [generation] Saved lr_hr_phys → /Users/au728490/OneDrive - Aarhus universitet/PhD_AU/Python_Scripts/DiffusionModels/SBGM_SD/models_and_samples/generated_samples/generation/B2_local__HR_prcp_DANRA__SIZE_128x128__LR_temp_prcp_ERA5__LOSS_sdfweighted__HEADS_4__TIMESTEPS_56/lr_hr_phys/19980422.npz
2026-01-27 14:57:38 | INFO    | B2_local__32b6a904__20260127T134222Z | sbgm.generate.generation | [generation] 19980422 LR means (phys): lr=2.2808210849761963 lr_lrspace=2.2808210849761963 lr_hrspace=None
2026-01-27 14:57:38 | INFO    | B2_local__32b6a904__20260127T134222Z | sbgm.generate.generation | [generation] Generating for date 19980818 (8/15) with ensemble size 32.
2026-01-27 14:57:38 | INFO    | B2_local__32b6a904__20260127T134222Z | sbgm.generate.generation | [generation] Saved per-date land mask → /Users/au728490/OneDrive - Aarhus universitet/PhD_AU/Python_Scripts/DiffusionModels/SBGM_SD/models_and_samples/generated_samples/generation/B2_local__HR_prcp_DANRA__SIZE_128x128__LR_temp_prcp_ERA5__LOSS_sdfweighted__HEADS_4__TIMESTEPS_56/lsm/19980818.npz
2026-01-27 14:57:38 | INFO    | B2_local__32b6a904__20260127T134222Z | sbgm.score_sampling | [sampler] EDM sampler settings: sigma_min=0.002, sigma_max=80.0, rho=7.0, S_churn=2.0, S_min=40.0, S_max=80.0, S_noise=1.0
2026-01-27 14:57:38 | INFO    | B2_local__32b6a904__20260127T134222Z | sbgm.score_sampling | [sampler] sigma*: 1.000, mode=global, ramp_frac=(0.60,0.85), ramp_sigma=(None,None)
2026-01-27 14:59:22 | INFO    | B2_local__32b6a904__20260127T134222Z | sbgm.generate.generation | [generation] Saved ensembles_phys → /Users/au728490/OneDrive - Aarhus universitet/PhD_AU/Python_Scripts/DiffusionModels/SBGM_SD/models_and_samples/generated_samples/generation/B2_local__HR_prcp_DANRA__SIZE_128x128__LR_temp_prcp_ERA5__LOSS_sdfweighted__HEADS_4__TIMESTEPS_56/ensembles_phys/19980818.npz
2026-01-27 14:59:22 | INFO    | B2_local__32b6a904__20260127T134222Z | sbgm.generate.generation | [generation] Saved pmm_phys → /Users/au728490/OneDrive - Aarhus universitet/PhD_AU/Python_Scripts/DiffusionModels/SBGM_SD/models_and_samples/generated_samples/generation/B2_local__HR_prcp_DANRA__SIZE_128x128__LR_temp_prcp_ERA5__LOSS_sdfweighted__HEADS_4__TIMESTEPS_56/pmm_phys/19980818.npz
2026-01-27 14:59:22 | INFO    | B2_local__32b6a904__20260127T134222Z | sbgm.generate.generation | [generation] Saved lr_hr_phys → /Users/au728490/OneDrive - Aarhus universitet/PhD_AU/Python_Scripts/DiffusionModels/SBGM_SD/models_and_samples/generated_samples/generation/B2_local__HR_prcp_DANRA__SIZE_128x128__LR_temp_prcp_ERA5__LOSS_sdfweighted__HEADS_4__TIMESTEPS_56/lr_hr_phys/19980818.npz
2026-01-27 14:59:22 | INFO    | B2_local__32b6a904__20260127T134222Z | sbgm.generate.generation | [generation] 19980818 LR means (phys): lr=1.3415409326553345 lr_lrspace=1.3415409326553345 lr_hrspace=None
2026-01-27 14:59:22 | INFO    | B2_local__32b6a904__20260127T134222Z | sbgm.generate.generation | [generation] Generating for date 20030109 (9/15) with ensemble size 32.
2026-01-27 14:59:22 | INFO    | B2_local__32b6a904__20260127T134222Z | sbgm.generate.generation | [generation] Saved per-date land mask → /Users/au728490/OneDrive - Aarhus universitet/PhD_AU/Python_Scripts/DiffusionModels/SBGM_SD/models_and_samples/generated_samples/generation/B2_local__HR_prcp_DANRA__SIZE_128x128__LR_temp_prcp_ERA5__LOSS_sdfweighted__HEADS_4__TIMESTEPS_56/lsm/20030109.npz
2026-01-27 14:59:22 | INFO    | B2_local__32b6a904__20260127T134222Z | sbgm.score_sampling | [sampler] EDM sampler settings: sigma_min=0.002, sigma_max=80.0, rho=7.0, S_churn=2.0, S_min=40.0, S_max=80.0, S_noise=1.0
2026-01-27 14:59:22 | INFO    | B2_local__32b6a904__20260127T134222Z | sbgm.score_sampling | [sampler] sigma*: 1.000, mode=global, ramp_frac=(0.60,0.85), ramp_sigma=(None,None)
2026-01-27 15:01:09 | INFO    | B2_local__32b6a904__20260127T134222Z | sbgm.generate.generation | [generation] Saved ensembles_phys → /Users/au728490/OneDrive - Aarhus universitet/PhD_AU/Python_Scripts/DiffusionModels/SBGM_SD/models_and_samples/generated_samples/generation/B2_local__HR_prcp_DANRA__SIZE_128x128__LR_temp_prcp_ERA5__LOSS_sdfweighted__HEADS_4__TIMESTEPS_56/ensembles_phys/20030109.npz
2026-01-27 15:01:09 | INFO    | B2_local__32b6a904__20260127T134222Z | sbgm.generate.generation | [generation] Saved pmm_phys → /Users/au728490/OneDrive - Aarhus universitet/PhD_AU/Python_Scripts/DiffusionModels/SBGM_SD/models_and_samples/generated_samples/generation/B2_local__HR_prcp_DANRA__SIZE_128x128__LR_temp_prcp_ERA5__LOSS_sdfweighted__HEADS_4__TIMESTEPS_56/pmm_phys/20030109.npz
2026-01-27 15:01:09 | INFO    | B2_local__32b6a904__20260127T134222Z | sbgm.generate.generation | [generation] Saved lr_hr_phys → /Users/au728490/OneDrive - Aarhus universitet/PhD_AU/Python_Scripts/DiffusionModels/SBGM_SD/models_and_samples/generated_samples/generation/B2_local__HR_prcp_DANRA__SIZE_128x128__LR_temp_prcp_ERA5__LOSS_sdfweighted__HEADS_4__TIMESTEPS_56/lr_hr_phys/20030109.npz
2026-01-27 15:01:09 | INFO    | B2_local__32b6a904__20260127T134222Z | sbgm.generate.generation | [generation] 20030109 LR means (phys): lr=0.9975285530090332 lr_lrspace=0.9975285530090332 lr_hrspace=None
2026-01-27 15:01:09 | INFO    | B2_local__32b6a904__20260127T134222Z | sbgm.generate.generation | [generation] Generating for date 20030312 (10/15) with ensemble size 32.
2026-01-27 15:01:09 | INFO    | B2_local__32b6a904__20260127T134222Z | sbgm.generate.generation | [generation] Saved per-date land mask → /Users/au728490/OneDrive - Aarhus universitet/PhD_AU/Python_Scripts/DiffusionModels/SBGM_SD/models_and_samples/generated_samples/generation/B2_local__HR_prcp_DANRA__SIZE_128x128__LR_temp_prcp_ERA5__LOSS_sdfweighted__HEADS_4__TIMESTEPS_56/lsm/20030312.npz
2026-01-27 15:01:09 | INFO    | B2_local__32b6a904__20260127T134222Z | sbgm.score_sampling | [sampler] EDM sampler settings: sigma_min=0.002, sigma_max=80.0, rho=7.0, S_churn=2.0, S_min=40.0, S_max=80.0, S_noise=1.0
2026-01-27 15:01:09 | INFO    | B2_local__32b6a904__20260127T134222Z | sbgm.score_sampling | [sampler] sigma*: 1.000, mode=global, ramp_frac=(0.60,0.85), ramp_sigma=(None,None)
2026-01-27 15:02:54 | INFO    | B2_local__32b6a904__20260127T134222Z | sbgm.generate.generation | [generation] Saved ensembles_phys → /Users/au728490/OneDrive - Aarhus universitet/PhD_AU/Python_Scripts/DiffusionModels/SBGM_SD/models_and_samples/generated_samples/generation/B2_local__HR_prcp_DANRA__SIZE_128x128__LR_temp_prcp_ERA5__LOSS_sdfweighted__HEADS_4__TIMESTEPS_56/ensembles_phys/20030312.npz
2026-01-27 15:02:54 | INFO    | B2_local__32b6a904__20260127T134222Z | sbgm.generate.generation | [generation] Saved pmm_phys → /Users/au728490/OneDrive - Aarhus universitet/PhD_AU/Python_Scripts/DiffusionModels/SBGM_SD/models_and_samples/generated_samples/generation/B2_local__HR_prcp_DANRA__SIZE_128x128__LR_temp_prcp_ERA5__LOSS_sdfweighted__HEADS_4__TIMESTEPS_56/pmm_phys/20030312.npz
2026-01-27 15:02:54 | INFO    | B2_local__32b6a904__20260127T134222Z | sbgm.generate.generation | [generation] Saved lr_hr_phys → /Users/au728490/OneDrive - Aarhus universitet/PhD_AU/Python_Scripts/DiffusionModels/SBGM_SD/models_and_samples/generated_samples/generation/B2_local__HR_prcp_DANRA__SIZE_128x128__LR_temp_prcp_ERA5__LOSS_sdfweighted__HEADS_4__TIMESTEPS_56/lr_hr_phys/20030312.npz
2026-01-27 15:02:54 | INFO    | B2_local__32b6a904__20260127T134222Z | sbgm.generate.generation | [generation] 20030312 LR means (phys): lr=0.24002689123153687 lr_lrspace=0.24002689123153687 lr_hrspace=None
2026-01-27 15:02:54 | INFO    | B2_local__32b6a904__20260127T134222Z | sbgm.generate.generation | [generation] Generating for date 20030531 (11/15) with ensemble size 32.
2026-01-27 15:02:54 | INFO    | B2_local__32b6a904__20260127T134222Z | sbgm.generate.generation | [generation] Saved per-date land mask → /Users/au728490/OneDrive - Aarhus universitet/PhD_AU/Python_Scripts/DiffusionModels/SBGM_SD/models_and_samples/generated_samples/generation/B2_local__HR_prcp_DANRA__SIZE_128x128__LR_temp_prcp_ERA5__LOSS_sdfweighted__HEADS_4__TIMESTEPS_56/lsm/20030531.npz
2026-01-27 15:02:54 | INFO    | B2_local__32b6a904__20260127T134222Z | sbgm.score_sampling | [sampler] EDM sampler settings: sigma_min=0.002, sigma_max=80.0, rho=7.0, S_churn=2.0, S_min=40.0, S_max=80.0, S_noise=1.0
2026-01-27 15:02:54 | INFO    | B2_local__32b6a904__20260127T134222Z | sbgm.score_sampling | [sampler] sigma*: 1.000, mode=global, ramp_frac=(0.60,0.85), ramp_sigma=(None,None)
2026-01-27 15:04:39 | INFO    | B2_local__32b6a904__20260127T134222Z | sbgm.generate.generation | [generation] Saved ensembles_phys → /Users/au728490/OneDrive - Aarhus universitet/PhD_AU/Python_Scripts/DiffusionModels/SBGM_SD/models_and_samples/generated_samples/generation/B2_local__HR_prcp_DANRA__SIZE_128x128__LR_temp_prcp_ERA5__LOSS_sdfweighted__HEADS_4__TIMESTEPS_56/ensembles_phys/20030531.npz
2026-01-27 15:04:39 | INFO    | B2_local__32b6a904__20260127T134222Z | sbgm.generate.generation | [generation] Saved pmm_phys → /Users/au728490/OneDrive - Aarhus universitet/PhD_AU/Python_Scripts/DiffusionModels/SBGM_SD/models_and_samples/generated_samples/generation/B2_local__HR_prcp_DANRA__SIZE_128x128__LR_temp_prcp_ERA5__LOSS_sdfweighted__HEADS_4__TIMESTEPS_56/pmm_phys/20030531.npz
2026-01-27 15:04:39 | INFO    | B2_local__32b6a904__20260127T134222Z | sbgm.generate.generation | [generation] Saved lr_hr_phys → /Users/au728490/OneDrive - Aarhus universitet/PhD_AU/Python_Scripts/DiffusionModels/SBGM_SD/models_and_samples/generated_samples/generation/B2_local__HR_prcp_DANRA__SIZE_128x128__LR_temp_prcp_ERA5__LOSS_sdfweighted__HEADS_4__TIMESTEPS_56/lr_hr_phys/20030531.npz
2026-01-27 15:04:39 | INFO    | B2_local__32b6a904__20260127T134222Z | sbgm.generate.generation | [generation] 20030531 LR means (phys): lr=0.05071999132633209 lr_lrspace=0.05071999132633209 lr_hrspace=None
2026-01-27 15:04:39 | INFO    | B2_local__32b6a904__20260127T134222Z | sbgm.generate.generation | [generation] Generating for date 20050807 (12/15) with ensemble size 32.
2026-01-27 15:04:39 | INFO    | B2_local__32b6a904__20260127T134222Z | sbgm.generate.generation | [generation] Saved per-date land mask → /Users/au728490/OneDrive - Aarhus universitet/PhD_AU/Python_Scripts/DiffusionModels/SBGM_SD/models_and_samples/generated_samples/generation/B2_local__HR_prcp_DANRA__SIZE_128x128__LR_temp_prcp_ERA5__LOSS_sdfweighted__HEADS_4__TIMESTEPS_56/lsm/20050807.npz
2026-01-27 15:04:39 | INFO    | B2_local__32b6a904__20260127T134222Z | sbgm.score_sampling | [sampler] EDM sampler settings: sigma_min=0.002, sigma_max=80.0, rho=7.0, S_churn=2.0, S_min=40.0, S_max=80.0, S_noise=1.0
2026-01-27 15:04:39 | INFO    | B2_local__32b6a904__20260127T134222Z | sbgm.score_sampling | [sampler] sigma*: 1.000, mode=global, ramp_frac=(0.60,0.85), ramp_sigma=(None,None)
2026-01-27 15:06:24 | INFO    | B2_local__32b6a904__20260127T134222Z | sbgm.generate.generation | [generation] Saved ensembles_phys → /Users/au728490/OneDrive - Aarhus universitet/PhD_AU/Python_Scripts/DiffusionModels/SBGM_SD/models_and_samples/generated_samples/generation/B2_local__HR_prcp_DANRA__SIZE_128x128__LR_temp_prcp_ERA5__LOSS_sdfweighted__HEADS_4__TIMESTEPS_56/ensembles_phys/20050807.npz
2026-01-27 15:06:24 | INFO    | B2_local__32b6a904__20260127T134222Z | sbgm.generate.generation | [generation] Saved pmm_phys → /Users/au728490/OneDrive - Aarhus universitet/PhD_AU/Python_Scripts/DiffusionModels/SBGM_SD/models_and_samples/generated_samples/generation/B2_local__HR_prcp_DANRA__SIZE_128x128__LR_temp_prcp_ERA5__LOSS_sdfweighted__HEADS_4__TIMESTEPS_56/pmm_phys/20050807.npz
2026-01-27 15:06:24 | INFO    | B2_local__32b6a904__20260127T134222Z | sbgm.generate.generation | [generation] Saved lr_hr_phys → /Users/au728490/OneDrive - Aarhus universitet/PhD_AU/Python_Scripts/DiffusionModels/SBGM_SD/models_and_samples/generated_samples/generation/B2_local__HR_prcp_DANRA__SIZE_128x128__LR_temp_prcp_ERA5__LOSS_sdfweighted__HEADS_4__TIMESTEPS_56/lr_hr_phys/20050807.npz
2026-01-27 15:06:24 | INFO    | B2_local__32b6a904__20260127T134222Z | sbgm.generate.generation | [generation] 20050807 LR means (phys): lr=1.727142333984375 lr_lrspace=1.727142333984375 lr_hrspace=None
2026-01-27 15:06:24 | INFO    | B2_local__32b6a904__20260127T134222Z | sbgm.generate.generation | [generation] Generating for date 20081111 (13/15) with ensemble size 32.
2026-01-27 15:06:24 | INFO    | B2_local__32b6a904__20260127T134222Z | sbgm.generate.generation | [generation] Saved per-date land mask → /Users/au728490/OneDrive - Aarhus universitet/PhD_AU/Python_Scripts/DiffusionModels/SBGM_SD/models_and_samples/generated_samples/generation/B2_local__HR_prcp_DANRA__SIZE_128x128__LR_temp_prcp_ERA5__LOSS_sdfweighted__HEADS_4__TIMESTEPS_56/lsm/20081111.npz
2026-01-27 15:06:24 | INFO    | B2_local__32b6a904__20260127T134222Z | sbgm.score_sampling | [sampler] EDM sampler settings: sigma_min=0.002, sigma_max=80.0, rho=7.0, S_churn=2.0, S_min=40.0, S_max=80.0, S_noise=1.0
2026-01-27 15:06:24 | INFO    | B2_local__32b6a904__20260127T134222Z | sbgm.score_sampling | [sampler] sigma*: 1.000, mode=global, ramp_frac=(0.60,0.85), ramp_sigma=(None,None)
2026-01-27 15:08:08 | INFO    | B2_local__32b6a904__20260127T134222Z | sbgm.generate.generation | [generation] Saved ensembles_phys → /Users/au728490/OneDrive - Aarhus universitet/PhD_AU/Python_Scripts/DiffusionModels/SBGM_SD/models_and_samples/generated_samples/generation/B2_local__HR_prcp_DANRA__SIZE_128x128__LR_temp_prcp_ERA5__LOSS_sdfweighted__HEADS_4__TIMESTEPS_56/ensembles_phys/20081111.npz
2026-01-27 15:08:08 | INFO    | B2_local__32b6a904__20260127T134222Z | sbgm.generate.generation | [generation] Saved pmm_phys → /Users/au728490/OneDrive - Aarhus universitet/PhD_AU/Python_Scripts/DiffusionModels/SBGM_SD/models_and_samples/generated_samples/generation/B2_local__HR_prcp_DANRA__SIZE_128x128__LR_temp_prcp_ERA5__LOSS_sdfweighted__HEADS_4__TIMESTEPS_56/pmm_phys/20081111.npz
2026-01-27 15:08:08 | INFO    | B2_local__32b6a904__20260127T134222Z | sbgm.generate.generation | [generation] Saved lr_hr_phys → /Users/au728490/OneDrive - Aarhus universitet/PhD_AU/Python_Scripts/DiffusionModels/SBGM_SD/models_and_samples/generated_samples/generation/B2_local__HR_prcp_DANRA__SIZE_128x128__LR_temp_prcp_ERA5__LOSS_sdfweighted__HEADS_4__TIMESTEPS_56/lr_hr_phys/20081111.npz
2026-01-27 15:08:08 | INFO    | B2_local__32b6a904__20260127T134222Z | sbgm.generate.generation | [generation] 20081111 LR means (phys): lr=4.131730079650879 lr_lrspace=4.131730079650879 lr_hrspace=None
2026-01-27 15:08:08 | INFO    | B2_local__32b6a904__20260127T134222Z | sbgm.generate.generation | [generation] Generating for date 20180107 (14/15) with ensemble size 32.
2026-01-27 15:08:08 | INFO    | B2_local__32b6a904__20260127T134222Z | sbgm.generate.generation | [generation] Saved per-date land mask → /Users/au728490/OneDrive - Aarhus universitet/PhD_AU/Python_Scripts/DiffusionModels/SBGM_SD/models_and_samples/generated_samples/generation/B2_local__HR_prcp_DANRA__SIZE_128x128__LR_temp_prcp_ERA5__LOSS_sdfweighted__HEADS_4__TIMESTEPS_56/lsm/20180107.npz
2026-01-27 15:08:08 | INFO    | B2_local__32b6a904__20260127T134222Z | sbgm.score_sampling | [sampler] EDM sampler settings: sigma_min=0.002, sigma_max=80.0, rho=7.0, S_churn=2.0, S_min=40.0, S_max=80.0, S_noise=1.0
2026-01-27 15:08:08 | INFO    | B2_local__32b6a904__20260127T134222Z | sbgm.score_sampling | [sampler] sigma*: 1.000, mode=global, ramp_frac=(0.60,0.85), ramp_sigma=(None,None)
2026-01-27 15:09:53 | INFO    | B2_local__32b6a904__20260127T134222Z | sbgm.generate.generation | [generation] Saved ensembles_phys → /Users/au728490/OneDrive - Aarhus universitet/PhD_AU/Python_Scripts/DiffusionModels/SBGM_SD/models_and_samples/generated_samples/generation/B2_local__HR_prcp_DANRA__SIZE_128x128__LR_temp_prcp_ERA5__LOSS_sdfweighted__HEADS_4__TIMESTEPS_56/ensembles_phys/20180107.npz
2026-01-27 15:09:53 | INFO    | B2_local__32b6a904__20260127T134222Z | sbgm.generate.generation | [generation] Saved pmm_phys → /Users/au728490/OneDrive - Aarhus universitet/PhD_AU/Python_Scripts/DiffusionModels/SBGM_SD/models_and_samples/generated_samples/generation/B2_local__HR_prcp_DANRA__SIZE_128x128__LR_temp_prcp_ERA5__LOSS_sdfweighted__HEADS_4__TIMESTEPS_56/pmm_phys/20180107.npz
2026-01-27 15:09:53 | INFO    | B2_local__32b6a904__20260127T134222Z | sbgm.generate.generation | [generation] Saved lr_hr_phys → /Users/au728490/OneDrive - Aarhus universitet/PhD_AU/Python_Scripts/DiffusionModels/SBGM_SD/models_and_samples/generated_samples/generation/B2_local__HR_prcp_DANRA__SIZE_128x128__LR_temp_prcp_ERA5__LOSS_sdfweighted__HEADS_4__TIMESTEPS_56/lr_hr_phys/20180107.npz
2026-01-27 15:09:53 | INFO    | B2_local__32b6a904__20260127T134222Z | sbgm.generate.generation | [generation] 20180107 LR means (phys): lr=1.1158058643341064 lr_lrspace=1.1158058643341064 lr_hrspace=None
2026-01-27 15:09:53 | INFO    | B2_local__32b6a904__20260127T134222Z | sbgm.generate.generation | [generation] Generating for date 20180307 (15/15) with ensemble size 32.
2026-01-27 15:09:53 | INFO    | B2_local__32b6a904__20260127T134222Z | sbgm.generate.generation | [generation] Saved per-date land mask → /Users/au728490/OneDrive - Aarhus universitet/PhD_AU/Python_Scripts/DiffusionModels/SBGM_SD/models_and_samples/generated_samples/generation/B2_local__HR_prcp_DANRA__SIZE_128x128__LR_temp_prcp_ERA5__LOSS_sdfweighted__HEADS_4__TIMESTEPS_56/lsm/20180307.npz
2026-01-27 15:09:53 | INFO    | B2_local__32b6a904__20260127T134222Z | sbgm.score_sampling | [sampler] EDM sampler settings: sigma_min=0.002, sigma_max=80.0, rho=7.0, S_churn=2.0, S_min=40.0, S_max=80.0, S_noise=1.0
2026-01-27 15:09:53 | INFO    | B2_local__32b6a904__20260127T134222Z | sbgm.score_sampling | [sampler] sigma*: 1.000, mode=global, ramp_frac=(0.60,0.85), ramp_sigma=(None,None)
2026-01-27 15:11:39 | INFO    | B2_local__32b6a904__20260127T134222Z | sbgm.generate.generation | [generation] Saved ensembles_phys → /Users/au728490/OneDrive - Aarhus universitet/PhD_AU/Python_Scripts/DiffusionModels/SBGM_SD/models_and_samples/generated_samples/generation/B2_local__HR_prcp_DANRA__SIZE_128x128__LR_temp_prcp_ERA5__LOSS_sdfweighted__HEADS_4__TIMESTEPS_56/ensembles_phys/20180307.npz
2026-01-27 15:11:39 | INFO    | B2_local__32b6a904__20260127T134222Z | sbgm.generate.generation | [generation] Saved pmm_phys → /Users/au728490/OneDrive - Aarhus universitet/PhD_AU/Python_Scripts/DiffusionModels/SBGM_SD/models_and_samples/generated_samples/generation/B2_local__HR_prcp_DANRA__SIZE_128x128__LR_temp_prcp_ERA5__LOSS_sdfweighted__HEADS_4__TIMESTEPS_56/pmm_phys/20180307.npz
2026-01-27 15:11:39 | INFO    | B2_local__32b6a904__20260127T134222Z | sbgm.generate.generation | [generation] Saved lr_hr_phys → /Users/au728490/OneDrive - Aarhus universitet/PhD_AU/Python_Scripts/DiffusionModels/SBGM_SD/models_and_samples/generated_samples/generation/B2_local__HR_prcp_DANRA__SIZE_128x128__LR_temp_prcp_ERA5__LOSS_sdfweighted__HEADS_4__TIMESTEPS_56/lr_hr_phys/20180307.npz
2026-01-27 15:11:39 | INFO    | B2_local__32b6a904__20260127T134222Z | sbgm.generate.generation | [generation] 20180307 LR means (phys): lr=6.678747177124023 lr_lrspace=6.678747177124023 lr_hrspace=None
2026-01-27 15:11:39 | INFO    | B2_local__32b6a904__20260127T134222Z | sbgm.generate.generation | [generation] Manifest path → /Users/au728490/OneDrive - Aarhus universitet/PhD_AU/Python_Scripts/DiffusionModels/SBGM_SD/models_and_samples/generated_samples/generation/B2_local__HR_prcp_DANRA__SIZE_128x128__LR_temp_prcp_ERA5__LOSS_sdfweighted__HEADS_4__TIMESTEPS_56/meta/manifest.json
2026-01-27 15:11:39 | INFO    | B2_local__32b6a904__20260127T134222Z | sbgm.generate.generation | [generation] Done. Wrote 15 days to /Users/au728490/OneDrive - Aarhus universitet/PhD_AU/Python_Scripts/DiffusionModels/SBGM_SD/models_and_samples/generated_samples/generation/B2_local__HR_prcp_DANRA__SIZE_128x128__LR_temp_prcp_ERA5__LOSS_sdfweighted__HEADS_4__TIMESTEPS_56. Manifest: {'model': 'B2_local__HR_prcp_DANRA__SIZE_128x128__LR_temp_prcp_ERA5__LOSS_sdfweighted__HEADS_4__TIMESTEPS_56', 'ensemble_size': 32, 'sampler_kind': 'edm', 'sampler_steps': 56, 'seed': 504, 'n_days': 15, 'save_space': 'physical', 'physical_dtype': 'float32', 'stationary_cutout_cfg': True, 'lsm_stationary_observed': True}
2026-01-27 15:11:39 | INFO    | B2_local__32b6a904__20260127T134222Z | sbgm.generate.generation_main | [generation_main] Done. Artifacts at: /Users/au728490/OneDrive - Aarhus universitet/PhD_AU/Python_Scripts/DiffusionModels/SBGM_SD/models_and_samples/generated_samples/generation/B2_local__HR_prcp_DANRA__SIZE_128x128__LR_temp_prcp_ERA5__LOSS_sdfweighted__HEADS_4__TIMESTEPS_56
2026-01-27 15:11:39 | INFO    | B2_local__32b6a904__20260127T134222Z | sbgm.logging_utils | 
═════════════════════════
   GENERATION DONE
═════════════════════════
2026-01-27 15:11:39 | INFO    | B2_local__32b6a904__20260127T134222Z | sbgm.logging_utils | 
══════════════════════════
   EVALUATION START
══════════════════════════
2026-01-27 15:11:39 | INFO    | B2_local__32b6a904__20260127T134222Z | sbgm.cli.launch_evaluation | [launch_evaluation] Using NEW evaluation main.
2026-01-27 15:11:39 | INFO    | B2_local__32b6a904__20260127T134222Z | sbgm.evaluate.evaluate_main | [evaluation_main] gen_root: /Users/au728490/OneDrive - Aarhus universitet/PhD_AU/Python_Scripts/DiffusionModels/SBGM_SD/models_and_samples/generated_samples/generation/B2_local__HR_prcp_DANRA__SIZE_128x128__LR_temp_prcp_ERA5__LOSS_sdfweighted__HEADS_4__TIMESTEPS_56
2026-01-27 15:11:39 | INFO    | B2_local__32b6a904__20260127T134222Z | sbgm.evaluate.evaluate_main | [evaluation_main] eval_root: /Users/au728490/OneDrive - Aarhus universitet/PhD_AU/Python_Scripts/DiffusionModels/SBGM_SD/models_and_samples/generated_samples/evaluation/B2_local__HR_prcp_DANRA__SIZE_128x128__LR_temp_prcp_ERA5__LOSS_sdfweighted__HEADS_4__TIMESTEPS_56
2026-01-27 15:11:39 | INFO    | B2_local__32b6a904__20260127T134222Z | sbgm.evaluate.data_resolver | [EvalDataResolver] Loaded global land-sea mask from /Users/au728490/OneDrive - Aarhus universitet/PhD_AU/Python_Scripts/DiffusionModels/SBGM_SD/models_and_samples/generated_samples/generation/B2_local__HR_prcp_DANRA__SIZE_128x128__LR_temp_prcp_ERA5__LOSS_sdfweighted__HEADS_4__TIMESTEPS_56/meta/land_mask.npz with shape torch.Size([128, 128])
2026-01-27 15:11:39 | INFO    | B2_local__32b6a904__20260127T134222Z | sbgm.evaluate.data_resolver | [EvalDataResolver] Found 15 dates in PMM folder: /Users/au728490/OneDrive - Aarhus universitet/PhD_AU/Python_Scripts/DiffusionModels/SBGM_SD/models_and_samples/generated_samples/generation/B2_local__HR_prcp_DANRA__SIZE_128x128__LR_temp_prcp_ERA5__LOSS_sdfweighted__HEADS_4__TIMESTEPS_56/pmm_phys
2026-01-27 15:11:39 | INFO    | B2_local__32b6a904__20260127T134222Z | sbgm.evaluate.evaluation | [EvaluationRunner] Found 15 dates for evaluation.
2026-01-27 15:11:39 | INFO    | B2_local__32b6a904__20260127T134222Z | sbgm.evaluate.evaluation | [EvaluationRunner] Starting evaluation with tasks: ['prcp_probabilistic', 'prcp_scale', 'prcp_extremes', 'prcp_distributional', 'prcp_spatial', 'prcp_temporal', 'prcp_features', 'prcp_dates']
2026-01-27 15:11:39 | INFO    | B2_local__32b6a904__20260127T134222Z | sbgm.evaluate.evaluation | [EvaluationRunner] Dispatching task: 'prcp_probabilistic' (normalized: 'prcp_probabilistic')
2026-01-27 15:11:39 | INFO    | B2_local__32b6a904__20260127T134222Z | sbgm.evaluate.evaluation | [EvaluationRunner] Running task 'prcp_probabilistic' -> /Users/au728490/OneDrive - Aarhus universitet/PhD_AU/Python_Scripts/DiffusionModels/SBGM_SD/models_and_samples/generated_samples/evaluation/B2_local__HR_prcp_DANRA__SIZE_128x128__LR_temp_prcp_ERA5__LOSS_sdfweighted__HEADS_4__TIMESTEPS_56/prcp/probabilistic
2026-01-27 15:11:39 | INFO    | B2_local__32b6a904__20260127T134222Z | sbgm.evaluate.data_resolver | [EvalDataResolver] Found 15 dates in PMM folder: /Users/au728490/OneDrive - Aarhus universitet/PhD_AU/Python_Scripts/DiffusionModels/SBGM_SD/models_and_samples/generated_samples/generation/B2_local__HR_prcp_DANRA__SIZE_128x128__LR_temp_prcp_ERA5__LOSS_sdfweighted__HEADS_4__TIMESTEPS_56/pmm_phys
2026-01-27 15:11:39 | INFO    | B2_local__32b6a904__20260127T134222Z | sbgm.evaluate.evaluate_prcp.eval_probabilistic.evaluate_probabilistic | [eval_probabilistic] Processing date 19910813 ...
2026-01-27 15:11:39 | INFO    | B2_local__32b6a904__20260127T134222Z | sbgm.evaluate.data_resolver | [EvalDataResolver] Loaded per-date land-sea mask from /Users/au728490/OneDrive - Aarhus universitet/PhD_AU/Python_Scripts/DiffusionModels/SBGM_SD/models_and_samples/generated_samples/generation/B2_local__HR_prcp_DANRA__SIZE_128x128__LR_temp_prcp_ERA5__LOSS_sdfweighted__HEADS_4__TIMESTEPS_56/lsm/19910813.npz with shape (128, 128)
2026-01-27 15:11:39 | INFO    | B2_local__32b6a904__20260127T134222Z | sbgm.evaluate.evaluate_prcp.eval_probabilistic.evaluate_probabilistic | [eval_probabilistic] Processing date 19931215 ...
2026-01-27 15:11:39 | INFO    | B2_local__32b6a904__20260127T134222Z | sbgm.evaluate.data_resolver | [EvalDataResolver] Loaded per-date land-sea mask from /Users/au728490/OneDrive - Aarhus universitet/PhD_AU/Python_Scripts/DiffusionModels/SBGM_SD/models_and_samples/generated_samples/generation/B2_local__HR_prcp_DANRA__SIZE_128x128__LR_temp_prcp_ERA5__LOSS_sdfweighted__HEADS_4__TIMESTEPS_56/lsm/19931215.npz with shape (128, 128)
2026-01-27 15:11:39 | INFO    | B2_local__32b6a904__20260127T134222Z | sbgm.evaluate.evaluate_prcp.eval_probabilistic.evaluate_probabilistic | [eval_probabilistic] Processing date 19940831 ...
2026-01-27 15:11:39 | INFO    | B2_local__32b6a904__20260127T134222Z | sbgm.evaluate.data_resolver | [EvalDataResolver] Loaded per-date land-sea mask from /Users/au728490/OneDrive - Aarhus universitet/PhD_AU/Python_Scripts/DiffusionModels/SBGM_SD/models_and_samples/generated_samples/generation/B2_local__HR_prcp_DANRA__SIZE_128x128__LR_temp_prcp_ERA5__LOSS_sdfweighted__HEADS_4__TIMESTEPS_56/lsm/19940831.npz with shape (128, 128)
2026-01-27 15:11:39 | INFO    | B2_local__32b6a904__20260127T134222Z | sbgm.evaluate.evaluate_prcp.eval_probabilistic.evaluate_probabilistic | [eval_probabilistic] Processing date 19960425 ...
2026-01-27 15:11:39 | INFO    | B2_local__32b6a904__20260127T134222Z | sbgm.evaluate.data_resolver | [EvalDataResolver] Loaded per-date land-sea mask from /Users/au728490/OneDrive - Aarhus universitet/PhD_AU/Python_Scripts/DiffusionModels/SBGM_SD/models_and_samples/generated_samples/generation/B2_local__HR_prcp_DANRA__SIZE_128x128__LR_temp_prcp_ERA5__LOSS_sdfweighted__HEADS_4__TIMESTEPS_56/lsm/19960425.npz with shape (128, 128)
2026-01-27 15:11:39 | INFO    | B2_local__32b6a904__20260127T134222Z | sbgm.evaluate.evaluate_prcp.eval_probabilistic.evaluate_probabilistic | [eval_probabilistic] Processing date 19970301 ...
2026-01-27 15:11:39 | INFO    | B2_local__32b6a904__20260127T134222Z | sbgm.evaluate.data_resolver | [EvalDataResolver] Loaded per-date land-sea mask from /Users/au728490/OneDrive - Aarhus universitet/PhD_AU/Python_Scripts/DiffusionModels/SBGM_SD/models_and_samples/generated_samples/generation/B2_local__HR_prcp_DANRA__SIZE_128x128__LR_temp_prcp_ERA5__LOSS_sdfweighted__HEADS_4__TIMESTEPS_56/lsm/19970301.npz with shape (128, 128)
2026-01-27 15:11:39 | INFO    | B2_local__32b6a904__20260127T134222Z | sbgm.evaluate.evaluate_prcp.eval_probabilistic.evaluate_probabilistic | [eval_probabilistic] Processing date 19970917 ...
2026-01-27 15:11:39 | INFO    | B2_local__32b6a904__20260127T134222Z | sbgm.evaluate.data_resolver | [EvalDataResolver] Loaded per-date land-sea mask from /Users/au728490/OneDrive - Aarhus universitet/PhD_AU/Python_Scripts/DiffusionModels/SBGM_SD/models_and_samples/generated_samples/generation/B2_local__HR_prcp_DANRA__SIZE_128x128__LR_temp_prcp_ERA5__LOSS_sdfweighted__HEADS_4__TIMESTEPS_56/lsm/19970917.npz with shape (128, 128)
2026-01-27 15:11:39 | INFO    | B2_local__32b6a904__20260127T134222Z | sbgm.evaluate.evaluate_prcp.eval_probabilistic.evaluate_probabilistic | [eval_probabilistic] Processing date 19980422 ...
2026-01-27 15:11:39 | INFO    | B2_local__32b6a904__20260127T134222Z | sbgm.evaluate.data_resolver | [EvalDataResolver] Loaded per-date land-sea mask from /Users/au728490/OneDrive - Aarhus universitet/PhD_AU/Python_Scripts/DiffusionModels/SBGM_SD/models_and_samples/generated_samples/generation/B2_local__HR_prcp_DANRA__SIZE_128x128__LR_temp_prcp_ERA5__LOSS_sdfweighted__HEADS_4__TIMESTEPS_56/lsm/19980422.npz with shape (128, 128)
2026-01-27 15:11:39 | INFO    | B2_local__32b6a904__20260127T134222Z | sbgm.evaluate.evaluate_prcp.eval_probabilistic.evaluate_probabilistic | [eval_probabilistic] Processing date 19980818 ...
2026-01-27 15:11:39 | INFO    | B2_local__32b6a904__20260127T134222Z | sbgm.evaluate.data_resolver | [EvalDataResolver] Loaded per-date land-sea mask from /Users/au728490/OneDrive - Aarhus universitet/PhD_AU/Python_Scripts/DiffusionModels/SBGM_SD/models_and_samples/generated_samples/generation/B2_local__HR_prcp_DANRA__SIZE_128x128__LR_temp_prcp_ERA5__LOSS_sdfweighted__HEADS_4__TIMESTEPS_56/lsm/19980818.npz with shape (128, 128)
2026-01-27 15:11:39 | INFO    | B2_local__32b6a904__20260127T134222Z | sbgm.evaluate.evaluate_prcp.eval_probabilistic.evaluate_probabilistic | [eval_probabilistic] Processing date 20030109 ...
2026-01-27 15:11:39 | INFO    | B2_local__32b6a904__20260127T134222Z | sbgm.evaluate.data_resolver | [EvalDataResolver] Loaded per-date land-sea mask from /Users/au728490/OneDrive - Aarhus universitet/PhD_AU/Python_Scripts/DiffusionModels/SBGM_SD/models_and_samples/generated_samples/generation/B2_local__HR_prcp_DANRA__SIZE_128x128__LR_temp_prcp_ERA5__LOSS_sdfweighted__HEADS_4__TIMESTEPS_56/lsm/20030109.npz with shape (128, 128)
2026-01-27 15:11:39 | INFO    | B2_local__32b6a904__20260127T134222Z | sbgm.evaluate.evaluate_prcp.eval_probabilistic.evaluate_probabilistic | [eval_probabilistic] Processing date 20030312 ...
2026-01-27 15:11:39 | INFO    | B2_local__32b6a904__20260127T134222Z | sbgm.evaluate.data_resolver | [EvalDataResolver] Loaded per-date land-sea mask from /Users/au728490/OneDrive - Aarhus universitet/PhD_AU/Python_Scripts/DiffusionModels/SBGM_SD/models_and_samples/generated_samples/generation/B2_local__HR_prcp_DANRA__SIZE_128x128__LR_temp_prcp_ERA5__LOSS_sdfweighted__HEADS_4__TIMESTEPS_56/lsm/20030312.npz with shape (128, 128)
2026-01-27 15:11:39 | INFO    | B2_local__32b6a904__20260127T134222Z | sbgm.evaluate.evaluate_prcp.eval_probabilistic.evaluate_probabilistic | [eval_probabilistic] Processing date 20030531 ...
2026-01-27 15:11:39 | INFO    | B2_local__32b6a904__20260127T134222Z | sbgm.evaluate.data_resolver | [EvalDataResolver] Loaded per-date land-sea mask from /Users/au728490/OneDrive - Aarhus universitet/PhD_AU/Python_Scripts/DiffusionModels/SBGM_SD/models_and_samples/generated_samples/generation/B2_local__HR_prcp_DANRA__SIZE_128x128__LR_temp_prcp_ERA5__LOSS_sdfweighted__HEADS_4__TIMESTEPS_56/lsm/20030531.npz with shape (128, 128)
2026-01-27 15:11:39 | INFO    | B2_local__32b6a904__20260127T134222Z | sbgm.evaluate.evaluate_prcp.eval_probabilistic.evaluate_probabilistic | [eval_probabilistic] Processing date 20050807 ...
2026-01-27 15:11:39 | INFO    | B2_local__32b6a904__20260127T134222Z | sbgm.evaluate.data_resolver | [EvalDataResolver] Loaded per-date land-sea mask from /Users/au728490/OneDrive - Aarhus universitet/PhD_AU/Python_Scripts/DiffusionModels/SBGM_SD/models_and_samples/generated_samples/generation/B2_local__HR_prcp_DANRA__SIZE_128x128__LR_temp_prcp_ERA5__LOSS_sdfweighted__HEADS_4__TIMESTEPS_56/lsm/20050807.npz with shape (128, 128)
2026-01-27 15:11:39 | INFO    | B2_local__32b6a904__20260127T134222Z | sbgm.evaluate.evaluate_prcp.eval_probabilistic.evaluate_probabilistic | [eval_probabilistic] Processing date 20081111 ...
2026-01-27 15:11:39 | INFO    | B2_local__32b6a904__20260127T134222Z | sbgm.evaluate.data_resolver | [EvalDataResolver] Loaded per-date land-sea mask from /Users/au728490/OneDrive - Aarhus universitet/PhD_AU/Python_Scripts/DiffusionModels/SBGM_SD/models_and_samples/generated_samples/generation/B2_local__HR_prcp_DANRA__SIZE_128x128__LR_temp_prcp_ERA5__LOSS_sdfweighted__HEADS_4__TIMESTEPS_56/lsm/20081111.npz with shape (128, 128)
2026-01-27 15:11:39 | INFO    | B2_local__32b6a904__20260127T134222Z | sbgm.evaluate.evaluate_prcp.eval_probabilistic.evaluate_probabilistic | [eval_probabilistic] Processing date 20180107 ...
2026-01-27 15:11:39 | INFO    | B2_local__32b6a904__20260127T134222Z | sbgm.evaluate.data_resolver | [EvalDataResolver] Loaded per-date land-sea mask from /Users/au728490/OneDrive - Aarhus universitet/PhD_AU/Python_Scripts/DiffusionModels/SBGM_SD/models_and_samples/generated_samples/generation/B2_local__HR_prcp_DANRA__SIZE_128x128__LR_temp_prcp_ERA5__LOSS_sdfweighted__HEADS_4__TIMESTEPS_56/lsm/20180107.npz with shape (128, 128)
2026-01-27 15:11:39 | INFO    | B2_local__32b6a904__20260127T134222Z | sbgm.evaluate.evaluate_prcp.eval_probabilistic.evaluate_probabilistic | [eval_probabilistic] Processing date 20180307 ...
2026-01-27 15:11:39 | INFO    | B2_local__32b6a904__20260127T134222Z | sbgm.evaluate.data_resolver | [EvalDataResolver] Loaded per-date land-sea mask from /Users/au728490/OneDrive - Aarhus universitet/PhD_AU/Python_Scripts/DiffusionModels/SBGM_SD/models_and_samples/generated_samples/generation/B2_local__HR_prcp_DANRA__SIZE_128x128__LR_temp_prcp_ERA5__LOSS_sdfweighted__HEADS_4__TIMESTEPS_56/lsm/20180307.npz with shape (128, 128)
2026-01-27 15:11:39 | INFO    | B2_local__32b6a904__20260127T134222Z | sbgm.evaluate.data_resolver | [EvalDataResolver] Loaded per-date land-sea mask from /Users/au728490/OneDrive - Aarhus universitet/PhD_AU/Python_Scripts/DiffusionModels/SBGM_SD/models_and_samples/generated_samples/generation/B2_local__HR_prcp_DANRA__SIZE_128x128__LR_temp_prcp_ERA5__LOSS_sdfweighted__HEADS_4__TIMESTEPS_56/lsm/20050807.npz with shape (128, 128)
2026-01-27 15:11:39 | INFO    | B2_local__32b6a904__20260127T134222Z | sbgm.evaluate.data_resolver | [EvalDataResolver] Loaded per-date land-sea mask from /Users/au728490/OneDrive - Aarhus universitet/PhD_AU/Python_Scripts/DiffusionModels/SBGM_SD/models_and_samples/generated_samples/generation/B2_local__HR_prcp_DANRA__SIZE_128x128__LR_temp_prcp_ERA5__LOSS_sdfweighted__HEADS_4__TIMESTEPS_56/lsm/19960425.npz with shape (128, 128)
2026-01-27 15:11:39 | INFO    | B2_local__32b6a904__20260127T134222Z | sbgm.evaluate.data_resolver | [EvalDataResolver] Loaded per-date land-sea mask from /Users/au728490/OneDrive - Aarhus universitet/PhD_AU/Python_Scripts/DiffusionModels/SBGM_SD/models_and_samples/generated_samples/generation/B2_local__HR_prcp_DANRA__SIZE_128x128__LR_temp_prcp_ERA5__LOSS_sdfweighted__HEADS_4__TIMESTEPS_56/lsm/19940831.npz with shape (128, 128)
2026-01-27 15:11:40 | INFO    | B2_local__32b6a904__20260127T134222Z | sbgm.evaluate.data_resolver | [EvalDataResolver] Loaded per-date land-sea mask from /Users/au728490/OneDrive - Aarhus universitet/PhD_AU/Python_Scripts/DiffusionModels/SBGM_SD/models_and_samples/generated_samples/generation/B2_local__HR_prcp_DANRA__SIZE_128x128__LR_temp_prcp_ERA5__LOSS_sdfweighted__HEADS_4__TIMESTEPS_56/lsm/20081111.npz with shape (128, 128)
2026-01-27 15:11:40 | INFO    | B2_local__32b6a904__20260127T134222Z | sbgm.evaluate.data_resolver | [EvalDataResolver] Loaded per-date land-sea mask from /Users/au728490/OneDrive - Aarhus universitet/PhD_AU/Python_Scripts/DiffusionModels/SBGM_SD/models_and_samples/generated_samples/generation/B2_local__HR_prcp_DANRA__SIZE_128x128__LR_temp_prcp_ERA5__LOSS_sdfweighted__HEADS_4__TIMESTEPS_56/lsm/19910813.npz with shape (128, 128)
2026-01-27 15:11:40 | INFO    | B2_local__32b6a904__20260127T134222Z | sbgm.evaluate.data_resolver | [EvalDataResolver] Loaded per-date land-sea mask from /Users/au728490/OneDrive - Aarhus universitet/PhD_AU/Python_Scripts/DiffusionModels/SBGM_SD/models_and_samples/generated_samples/generation/B2_local__HR_prcp_DANRA__SIZE_128x128__LR_temp_prcp_ERA5__LOSS_sdfweighted__HEADS_4__TIMESTEPS_56/lsm/19970301.npz with shape (128, 128)
2026-01-27 15:11:42 | INFO    | B2_local__32b6a904__20260127T134222Z | sbgm.evaluate.evaluate_prcp.plot_utils | [DEBUG] Loading DK LSM outline from /scratch/project_465001695/quistgaa/Data/Data_DiffMod/data_lsm/truth_fullDomain/lsm_full.npz
2026-01-27 15:11:42 | WARNING | B2_local__32b6a904__20260127T134222Z | sbgm.evaluate.evaluate_prcp.plot_utils | [DEBUG] DK LSM outline file not found: /scratch/project_465001695/quistgaa/Data/Data_DiffMod/data_lsm/truth_fullDomain/lsm_full.npz
2026-01-27 15:11:43 | INFO    | B2_local__32b6a904__20260127T134222Z | sbgm.evaluate.evaluate_prcp.plot_utils | [DEBUG] Loading DK LSM outline from /scratch/project_465001695/quistgaa/Data/Data_DiffMod/data_lsm/truth_fullDomain/lsm_full.npz
2026-01-27 15:11:43 | WARNING | B2_local__32b6a904__20260127T134222Z | sbgm.evaluate.evaluate_prcp.plot_utils | [DEBUG] DK LSM outline file not found: /scratch/project_465001695/quistgaa/Data/Data_DiffMod/data_lsm/truth_fullDomain/lsm_full.npz
2026-01-27 15:11:44 | INFO    | B2_local__32b6a904__20260127T134222Z | sbgm.evaluate.evaluation | [EvaluationRunner] Dispatching task: 'prcp_scale' (normalized: 'prcp_scale')
2026-01-27 15:11:44 | INFO    | B2_local__32b6a904__20260127T134222Z | sbgm.evaluate.evaluation | [EvaluationRunner] Running task 'prcp_scale' -> /Users/au728490/OneDrive - Aarhus universitet/PhD_AU/Python_Scripts/DiffusionModels/SBGM_SD/models_and_samples/generated_samples/evaluation/B2_local__HR_prcp_DANRA__SIZE_128x128__LR_temp_prcp_ERA5__LOSS_sdfweighted__HEADS_4__TIMESTEPS_56/prcp/scale
2026-01-27 15:11:44 | INFO    | B2_local__32b6a904__20260127T134222Z | sbgm.evaluate.evaluate_prcp.eval_scale.evaluate_scale | [eval_scale] use_ensemble=True, n_members=None, seed=1234
2026-01-27 15:11:44 | INFO    | B2_local__32b6a904__20260127T134222Z | sbgm.evaluate.data_resolver | [EvalDataResolver] Found 15 dates in PMM folder: /Users/au728490/OneDrive - Aarhus universitet/PhD_AU/Python_Scripts/DiffusionModels/SBGM_SD/models_and_samples/generated_samples/generation/B2_local__HR_prcp_DANRA__SIZE_128x128__LR_temp_prcp_ERA5__LOSS_sdfweighted__HEADS_4__TIMESTEPS_56/pmm_phys
2026-01-27 15:11:44 | INFO    | B2_local__32b6a904__20260127T134222Z | sbgm.evaluate.evaluate_prcp.eval_scale.evaluate_scale | [eval_scale] Running on 15 dates.
2026-01-27 15:11:44 | INFO    | B2_local__32b6a904__20260127T134222Z | sbgm.evaluate.evaluate_prcp.eval_scale.evaluate_scale | [eval_scale] Processing 19910813 ...
2026-01-27 15:11:44 | INFO    | B2_local__32b6a904__20260127T134222Z | sbgm.evaluate.data_resolver | [EvalDataResolver] Loaded per-date land-sea mask from /Users/au728490/OneDrive - Aarhus universitet/PhD_AU/Python_Scripts/DiffusionModels/SBGM_SD/models_and_samples/generated_samples/generation/B2_local__HR_prcp_DANRA__SIZE_128x128__LR_temp_prcp_ERA5__LOSS_sdfweighted__HEADS_4__TIMESTEPS_56/lsm/19910813.npz with shape (128, 128)
2026-01-27 15:11:48 | INFO    | B2_local__32b6a904__20260127T134222Z | sbgm.evaluate.evaluate_prcp.eval_scale.evaluate_scale | [eval_scale] Processing 19931215 ...
2026-01-27 15:11:48 | INFO    | B2_local__32b6a904__20260127T134222Z | sbgm.evaluate.data_resolver | [EvalDataResolver] Loaded per-date land-sea mask from /Users/au728490/OneDrive - Aarhus universitet/PhD_AU/Python_Scripts/DiffusionModels/SBGM_SD/models_and_samples/generated_samples/generation/B2_local__HR_prcp_DANRA__SIZE_128x128__LR_temp_prcp_ERA5__LOSS_sdfweighted__HEADS_4__TIMESTEPS_56/lsm/19931215.npz with shape (128, 128)
2026-01-27 15:11:52 | INFO    | B2_local__32b6a904__20260127T134222Z | sbgm.evaluate.evaluate_prcp.eval_scale.evaluate_scale | [eval_scale] Processing 19940831 ...
2026-01-27 15:11:52 | INFO    | B2_local__32b6a904__20260127T134222Z | sbgm.evaluate.data_resolver | [EvalDataResolver] Loaded per-date land-sea mask from /Users/au728490/OneDrive - Aarhus universitet/PhD_AU/Python_Scripts/DiffusionModels/SBGM_SD/models_and_samples/generated_samples/generation/B2_local__HR_prcp_DANRA__SIZE_128x128__LR_temp_prcp_ERA5__LOSS_sdfweighted__HEADS_4__TIMESTEPS_56/lsm/19940831.npz with shape (128, 128)
2026-01-27 15:11:56 | INFO    | B2_local__32b6a904__20260127T134222Z | sbgm.evaluate.evaluate_prcp.eval_scale.evaluate_scale | [eval_scale] Processing 19960425 ...
2026-01-27 15:11:56 | INFO    | B2_local__32b6a904__20260127T134222Z | sbgm.evaluate.data_resolver | [EvalDataResolver] Loaded per-date land-sea mask from /Users/au728490/OneDrive - Aarhus universitet/PhD_AU/Python_Scripts/DiffusionModels/SBGM_SD/models_and_samples/generated_samples/generation/B2_local__HR_prcp_DANRA__SIZE_128x128__LR_temp_prcp_ERA5__LOSS_sdfweighted__HEADS_4__TIMESTEPS_56/lsm/19960425.npz with shape (128, 128)
2026-01-27 15:12:00 | INFO    | B2_local__32b6a904__20260127T134222Z | sbgm.evaluate.evaluate_prcp.eval_scale.evaluate_scale | [eval_scale] Processing 19970301 ...
2026-01-27 15:12:00 | INFO    | B2_local__32b6a904__20260127T134222Z | sbgm.evaluate.data_resolver | [EvalDataResolver] Loaded per-date land-sea mask from /Users/au728490/OneDrive - Aarhus universitet/PhD_AU/Python_Scripts/DiffusionModels/SBGM_SD/models_and_samples/generated_samples/generation/B2_local__HR_prcp_DANRA__SIZE_128x128__LR_temp_prcp_ERA5__LOSS_sdfweighted__HEADS_4__TIMESTEPS_56/lsm/19970301.npz with shape (128, 128)
2026-01-27 15:12:04 | INFO    | B2_local__32b6a904__20260127T134222Z | sbgm.evaluate.evaluate_prcp.eval_scale.evaluate_scale | [eval_scale] Processing 19970917 ...
2026-01-27 15:12:04 | INFO    | B2_local__32b6a904__20260127T134222Z | sbgm.evaluate.data_resolver | [EvalDataResolver] Loaded per-date land-sea mask from /Users/au728490/OneDrive - Aarhus universitet/PhD_AU/Python_Scripts/DiffusionModels/SBGM_SD/models_and_samples/generated_samples/generation/B2_local__HR_prcp_DANRA__SIZE_128x128__LR_temp_prcp_ERA5__LOSS_sdfweighted__HEADS_4__TIMESTEPS_56/lsm/19970917.npz with shape (128, 128)
2026-01-27 15:12:08 | INFO    | B2_local__32b6a904__20260127T134222Z | sbgm.evaluate.evaluate_prcp.eval_scale.evaluate_scale | [eval_scale] Processing 19980422 ...
2026-01-27 15:12:08 | INFO    | B2_local__32b6a904__20260127T134222Z | sbgm.evaluate.data_resolver | [EvalDataResolver] Loaded per-date land-sea mask from /Users/au728490/OneDrive - Aarhus universitet/PhD_AU/Python_Scripts/DiffusionModels/SBGM_SD/models_and_samples/generated_samples/generation/B2_local__HR_prcp_DANRA__SIZE_128x128__LR_temp_prcp_ERA5__LOSS_sdfweighted__HEADS_4__TIMESTEPS_56/lsm/19980422.npz with shape (128, 128)
2026-01-27 15:12:13 | INFO    | B2_local__32b6a904__20260127T134222Z | sbgm.evaluate.evaluate_prcp.eval_scale.evaluate_scale | [eval_scale] Processing 19980818 ...
2026-01-27 15:12:13 | INFO    | B2_local__32b6a904__20260127T134222Z | sbgm.evaluate.data_resolver | [EvalDataResolver] Loaded per-date land-sea mask from /Users/au728490/OneDrive - Aarhus universitet/PhD_AU/Python_Scripts/DiffusionModels/SBGM_SD/models_and_samples/generated_samples/generation/B2_local__HR_prcp_DANRA__SIZE_128x128__LR_temp_prcp_ERA5__LOSS_sdfweighted__HEADS_4__TIMESTEPS_56/lsm/19980818.npz with shape (128, 128)
2026-01-27 15:12:17 | INFO    | B2_local__32b6a904__20260127T134222Z | sbgm.evaluate.evaluate_prcp.eval_scale.evaluate_scale | [eval_scale] Processing 20030109 ...
2026-01-27 15:12:17 | INFO    | B2_local__32b6a904__20260127T134222Z | sbgm.evaluate.data_resolver | [EvalDataResolver] Loaded per-date land-sea mask from /Users/au728490/OneDrive - Aarhus universitet/PhD_AU/Python_Scripts/DiffusionModels/SBGM_SD/models_and_samples/generated_samples/generation/B2_local__HR_prcp_DANRA__SIZE_128x128__LR_temp_prcp_ERA5__LOSS_sdfweighted__HEADS_4__TIMESTEPS_56/lsm/20030109.npz with shape (128, 128)
2026-01-27 15:12:21 | INFO    | B2_local__32b6a904__20260127T134222Z | sbgm.evaluate.evaluate_prcp.eval_scale.evaluate_scale | [eval_scale] Processing 20030312 ...
2026-01-27 15:12:21 | INFO    | B2_local__32b6a904__20260127T134222Z | sbgm.evaluate.data_resolver | [EvalDataResolver] Loaded per-date land-sea mask from /Users/au728490/OneDrive - Aarhus universitet/PhD_AU/Python_Scripts/DiffusionModels/SBGM_SD/models_and_samples/generated_samples/generation/B2_local__HR_prcp_DANRA__SIZE_128x128__LR_temp_prcp_ERA5__LOSS_sdfweighted__HEADS_4__TIMESTEPS_56/lsm/20030312.npz with shape (128, 128)
2026-01-27 15:12:25 | INFO    | B2_local__32b6a904__20260127T134222Z | sbgm.evaluate.evaluate_prcp.eval_scale.evaluate_scale | [eval_scale] Processing 20030531 ...
2026-01-27 15:12:25 | INFO    | B2_local__32b6a904__20260127T134222Z | sbgm.evaluate.data_resolver | [EvalDataResolver] Loaded per-date land-sea mask from /Users/au728490/OneDrive - Aarhus universitet/PhD_AU/Python_Scripts/DiffusionModels/SBGM_SD/models_and_samples/generated_samples/generation/B2_local__HR_prcp_DANRA__SIZE_128x128__LR_temp_prcp_ERA5__LOSS_sdfweighted__HEADS_4__TIMESTEPS_56/lsm/20030531.npz with shape (128, 128)
2026-01-27 15:12:29 | INFO    | B2_local__32b6a904__20260127T134222Z | sbgm.evaluate.evaluate_prcp.eval_scale.evaluate_scale | [eval_scale] Processing 20050807 ...
2026-01-27 15:12:29 | INFO    | B2_local__32b6a904__20260127T134222Z | sbgm.evaluate.data_resolver | [EvalDataResolver] Loaded per-date land-sea mask from /Users/au728490/OneDrive - Aarhus universitet/PhD_AU/Python_Scripts/DiffusionModels/SBGM_SD/models_and_samples/generated_samples/generation/B2_local__HR_prcp_DANRA__SIZE_128x128__LR_temp_prcp_ERA5__LOSS_sdfweighted__HEADS_4__TIMESTEPS_56/lsm/20050807.npz with shape (128, 128)
2026-01-27 15:12:33 | INFO    | B2_local__32b6a904__20260127T134222Z | sbgm.evaluate.evaluate_prcp.eval_scale.evaluate_scale | [eval_scale] Processing 20081111 ...
2026-01-27 15:12:33 | INFO    | B2_local__32b6a904__20260127T134222Z | sbgm.evaluate.data_resolver | [EvalDataResolver] Loaded per-date land-sea mask from /Users/au728490/OneDrive - Aarhus universitet/PhD_AU/Python_Scripts/DiffusionModels/SBGM_SD/models_and_samples/generated_samples/generation/B2_local__HR_prcp_DANRA__SIZE_128x128__LR_temp_prcp_ERA5__LOSS_sdfweighted__HEADS_4__TIMESTEPS_56/lsm/20081111.npz with shape (128, 128)
2026-01-27 15:12:38 | INFO    | B2_local__32b6a904__20260127T134222Z | sbgm.evaluate.evaluate_prcp.eval_scale.evaluate_scale | [eval_scale] Processing 20180107 ...
2026-01-27 15:12:38 | INFO    | B2_local__32b6a904__20260127T134222Z | sbgm.evaluate.data_resolver | [EvalDataResolver] Loaded per-date land-sea mask from /Users/au728490/OneDrive - Aarhus universitet/PhD_AU/Python_Scripts/DiffusionModels/SBGM_SD/models_and_samples/generated_samples/generation/B2_local__HR_prcp_DANRA__SIZE_128x128__LR_temp_prcp_ERA5__LOSS_sdfweighted__HEADS_4__TIMESTEPS_56/lsm/20180107.npz with shape (128, 128)
2026-01-27 15:12:42 | INFO    | B2_local__32b6a904__20260127T134222Z | sbgm.evaluate.evaluate_prcp.eval_scale.evaluate_scale | [eval_scale] Processing 20180307 ...
2026-01-27 15:12:42 | INFO    | B2_local__32b6a904__20260127T134222Z | sbgm.evaluate.data_resolver | [EvalDataResolver] Loaded per-date land-sea mask from /Users/au728490/OneDrive - Aarhus universitet/PhD_AU/Python_Scripts/DiffusionModels/SBGM_SD/models_and_samples/generated_samples/generation/B2_local__HR_prcp_DANRA__SIZE_128x128__LR_temp_prcp_ERA5__LOSS_sdfweighted__HEADS_4__TIMESTEPS_56/lsm/20180307.npz with shape (128, 128)
2026-01-27 15:12:46 | INFO    | B2_local__32b6a904__20260127T134222Z | sbgm.evaluate.evaluate_prcp.eval_scale.evaluate_scale | [eval_scale] Ensemble availability: ok=15, badshape=0, missing=0 (out of 15 dates)
2026-01-27 15:12:46 | INFO    | B2_local__32b6a904__20260127T134222Z | sbgm.evaluate.evaluate_prcp.eval_scale.evaluate_scale | [eval_scale] Ensemble availability: ok=15, badshape=0, missing=0 (out of 15 dates)
2026-01-27 15:12:46 | INFO    | B2_local__32b6a904__20260127T134222Z | sbgm.evaluate.evaluate_prcp.eval_scale.evaluate_scale | [eval_scale] Done. Outputs at: /Users/au728490/OneDrive - Aarhus universitet/PhD_AU/Python_Scripts/DiffusionModels/SBGM_SD/models_and_samples/generated_samples/evaluation/B2_local__HR_prcp_DANRA__SIZE_128x128__LR_temp_prcp_ERA5__LOSS_sdfweighted__HEADS_4__TIMESTEPS_56/prcp/scale
2026-01-27 15:12:47 | INFO    | B2_local__32b6a904__20260127T134222Z | sbgm.evaluate.evaluate_prcp.eval_scale.plot_scale | [plot_scale] Plots written to /Users/au728490/OneDrive - Aarhus universitet/PhD_AU/Python_Scripts/DiffusionModels/SBGM_SD/models_and_samples/generated_samples/evaluation/B2_local__HR_prcp_DANRA__SIZE_128x128__LR_temp_prcp_ERA5__LOSS_sdfweighted__HEADS_4__TIMESTEPS_56/prcp/scale/figures
2026-01-27 15:12:47 | INFO    | B2_local__32b6a904__20260127T134222Z | sbgm.evaluate.evaluate_prcp.eval_scale.evaluate_scale | [eval_scale] Plots saved to /Users/au728490/OneDrive - Aarhus universitet/PhD_AU/Python_Scripts/DiffusionModels/SBGM_SD/models_and_samples/generated_samples/evaluation/B2_local__HR_prcp_DANRA__SIZE_128x128__LR_temp_prcp_ERA5__LOSS_sdfweighted__HEADS_4__TIMESTEPS_56/prcp/scale/figures
2026-01-27 15:12:47 | INFO    | B2_local__32b6a904__20260127T134222Z | sbgm.evaluate.evaluation | [EvaluationRunner] Dispatching task: 'prcp_extremes' (normalized: 'prcp_extremes')
2026-01-27 15:12:47 | INFO    | B2_local__32b6a904__20260127T134222Z | sbgm.evaluate.evaluation | [EvaluationRunner] Running task 'prcp_extremes' -> /Users/au728490/OneDrive - Aarhus universitet/PhD_AU/Python_Scripts/DiffusionModels/SBGM_SD/models_and_samples/generated_samples/evaluation/B2_local__HR_prcp_DANRA__SIZE_128x128__LR_temp_prcp_ERA5__LOSS_sdfweighted__HEADS_4__TIMESTEPS_56/prcp/extremes
2026-01-27 15:12:47 | INFO    | B2_local__32b6a904__20260127T134222Z | sbgm.evaluate.data_resolver | [EvalDataResolver] Found 15 dates in PMM folder: /Users/au728490/OneDrive - Aarhus universitet/PhD_AU/Python_Scripts/DiffusionModels/SBGM_SD/models_and_samples/generated_samples/generation/B2_local__HR_prcp_DANRA__SIZE_128x128__LR_temp_prcp_ERA5__LOSS_sdfweighted__HEADS_4__TIMESTEPS_56/pmm_phys
2026-01-27 15:12:47 | INFO    | B2_local__32b6a904__20260127T134222Z | sbgm.evaluate.data_resolver | [EvalDataResolver] Loaded per-date land-sea mask from /Users/au728490/OneDrive - Aarhus universitet/PhD_AU/Python_Scripts/DiffusionModels/SBGM_SD/models_and_samples/generated_samples/generation/B2_local__HR_prcp_DANRA__SIZE_128x128__LR_temp_prcp_ERA5__LOSS_sdfweighted__HEADS_4__TIMESTEPS_56/lsm/19910813.npz with shape (128, 128)
2026-01-27 15:12:48 | INFO    | B2_local__32b6a904__20260127T134222Z | sbgm.evaluate.evaluate_prcp.eval_extremes.metrics_extremes | [build_daily_series] Collected 15 days for HR/GEN; retained 15 days for LR after alignment.
2026-01-27 15:12:48 | INFO    | B2_local__32b6a904__20260127T134222Z | sbgm.evaluate.data_resolver | [EvalDataResolver] Loaded per-date land-sea mask from /Users/au728490/OneDrive - Aarhus universitet/PhD_AU/Python_Scripts/DiffusionModels/SBGM_SD/models_and_samples/generated_samples/generation/B2_local__HR_prcp_DANRA__SIZE_128x128__LR_temp_prcp_ERA5__LOSS_sdfweighted__HEADS_4__TIMESTEPS_56/lsm/19910813.npz with shape (128, 128)
2026-01-27 15:12:48 | INFO    | B2_local__32b6a904__20260127T134222Z | sbgm.evaluate.data_resolver | [EvalDataResolver] Loaded per-date land-sea mask from /Users/au728490/OneDrive - Aarhus universitet/PhD_AU/Python_Scripts/DiffusionModels/SBGM_SD/models_and_samples/generated_samples/generation/B2_local__HR_prcp_DANRA__SIZE_128x128__LR_temp_prcp_ERA5__LOSS_sdfweighted__HEADS_4__TIMESTEPS_56/lsm/19910813.npz with shape (128, 128)
2026-01-27 15:12:48 | INFO    | B2_local__32b6a904__20260127T134222Z | sbgm.evaluate.data_resolver | [EvalDataResolver] Loaded per-date land-sea mask from /Users/au728490/OneDrive - Aarhus universitet/PhD_AU/Python_Scripts/DiffusionModels/SBGM_SD/models_and_samples/generated_samples/generation/B2_local__HR_prcp_DANRA__SIZE_128x128__LR_temp_prcp_ERA5__LOSS_sdfweighted__HEADS_4__TIMESTEPS_56/lsm/19910813.npz with shape (128, 128)
2026-01-27 15:12:48 | INFO    | B2_local__32b6a904__20260127T134222Z | sbgm.evaluate.data_resolver | [EvalDataResolver] Loaded per-date land-sea mask from /Users/au728490/OneDrive - Aarhus universitet/PhD_AU/Python_Scripts/DiffusionModels/SBGM_SD/models_and_samples/generated_samples/generation/B2_local__HR_prcp_DANRA__SIZE_128x128__LR_temp_prcp_ERA5__LOSS_sdfweighted__HEADS_4__TIMESTEPS_56/lsm/19931215.npz with shape (128, 128)
2026-01-27 15:12:48 | INFO    | B2_local__32b6a904__20260127T134222Z | sbgm.evaluate.data_resolver | [EvalDataResolver] Loaded per-date land-sea mask from /Users/au728490/OneDrive - Aarhus universitet/PhD_AU/Python_Scripts/DiffusionModels/SBGM_SD/models_and_samples/generated_samples/generation/B2_local__HR_prcp_DANRA__SIZE_128x128__LR_temp_prcp_ERA5__LOSS_sdfweighted__HEADS_4__TIMESTEPS_56/lsm/19940831.npz with shape (128, 128)
2026-01-27 15:12:48 | INFO    | B2_local__32b6a904__20260127T134222Z | sbgm.evaluate.data_resolver | [EvalDataResolver] Loaded per-date land-sea mask from /Users/au728490/OneDrive - Aarhus universitet/PhD_AU/Python_Scripts/DiffusionModels/SBGM_SD/models_and_samples/generated_samples/generation/B2_local__HR_prcp_DANRA__SIZE_128x128__LR_temp_prcp_ERA5__LOSS_sdfweighted__HEADS_4__TIMESTEPS_56/lsm/19960425.npz with shape (128, 128)
2026-01-27 15:12:48 | INFO    | B2_local__32b6a904__20260127T134222Z | sbgm.evaluate.data_resolver | [EvalDataResolver] Loaded per-date land-sea mask from /Users/au728490/OneDrive - Aarhus universitet/PhD_AU/Python_Scripts/DiffusionModels/SBGM_SD/models_and_samples/generated_samples/generation/B2_local__HR_prcp_DANRA__SIZE_128x128__LR_temp_prcp_ERA5__LOSS_sdfweighted__HEADS_4__TIMESTEPS_56/lsm/19970301.npz with shape (128, 128)
2026-01-27 15:12:48 | INFO    | B2_local__32b6a904__20260127T134222Z | sbgm.evaluate.data_resolver | [EvalDataResolver] Loaded per-date land-sea mask from /Users/au728490/OneDrive - Aarhus universitet/PhD_AU/Python_Scripts/DiffusionModels/SBGM_SD/models_and_samples/generated_samples/generation/B2_local__HR_prcp_DANRA__SIZE_128x128__LR_temp_prcp_ERA5__LOSS_sdfweighted__HEADS_4__TIMESTEPS_56/lsm/19970917.npz with shape (128, 128)
2026-01-27 15:12:48 | INFO    | B2_local__32b6a904__20260127T134222Z | sbgm.evaluate.data_resolver | [EvalDataResolver] Loaded per-date land-sea mask from /Users/au728490/OneDrive - Aarhus universitet/PhD_AU/Python_Scripts/DiffusionModels/SBGM_SD/models_and_samples/generated_samples/generation/B2_local__HR_prcp_DANRA__SIZE_128x128__LR_temp_prcp_ERA5__LOSS_sdfweighted__HEADS_4__TIMESTEPS_56/lsm/19980422.npz with shape (128, 128)
2026-01-27 15:12:48 | INFO    | B2_local__32b6a904__20260127T134222Z | sbgm.evaluate.data_resolver | [EvalDataResolver] Loaded per-date land-sea mask from /Users/au728490/OneDrive - Aarhus universitet/PhD_AU/Python_Scripts/DiffusionModels/SBGM_SD/models_and_samples/generated_samples/generation/B2_local__HR_prcp_DANRA__SIZE_128x128__LR_temp_prcp_ERA5__LOSS_sdfweighted__HEADS_4__TIMESTEPS_56/lsm/19980818.npz with shape (128, 128)
2026-01-27 15:12:48 | INFO    | B2_local__32b6a904__20260127T134222Z | sbgm.evaluate.data_resolver | [EvalDataResolver] Loaded per-date land-sea mask from /Users/au728490/OneDrive - Aarhus universitet/PhD_AU/Python_Scripts/DiffusionModels/SBGM_SD/models_and_samples/generated_samples/generation/B2_local__HR_prcp_DANRA__SIZE_128x128__LR_temp_prcp_ERA5__LOSS_sdfweighted__HEADS_4__TIMESTEPS_56/lsm/20030109.npz with shape (128, 128)
2026-01-27 15:12:48 | INFO    | B2_local__32b6a904__20260127T134222Z | sbgm.evaluate.data_resolver | [EvalDataResolver] Loaded per-date land-sea mask from /Users/au728490/OneDrive - Aarhus universitet/PhD_AU/Python_Scripts/DiffusionModels/SBGM_SD/models_and_samples/generated_samples/generation/B2_local__HR_prcp_DANRA__SIZE_128x128__LR_temp_prcp_ERA5__LOSS_sdfweighted__HEADS_4__TIMESTEPS_56/lsm/20030312.npz with shape (128, 128)
2026-01-27 15:12:48 | INFO    | B2_local__32b6a904__20260127T134222Z | sbgm.evaluate.data_resolver | [EvalDataResolver] Loaded per-date land-sea mask from /Users/au728490/OneDrive - Aarhus universitet/PhD_AU/Python_Scripts/DiffusionModels/SBGM_SD/models_and_samples/generated_samples/generation/B2_local__HR_prcp_DANRA__SIZE_128x128__LR_temp_prcp_ERA5__LOSS_sdfweighted__HEADS_4__TIMESTEPS_56/lsm/20030531.npz with shape (128, 128)
2026-01-27 15:12:48 | INFO    | B2_local__32b6a904__20260127T134222Z | sbgm.evaluate.data_resolver | [EvalDataResolver] Loaded per-date land-sea mask from /Users/au728490/OneDrive - Aarhus universitet/PhD_AU/Python_Scripts/DiffusionModels/SBGM_SD/models_and_samples/generated_samples/generation/B2_local__HR_prcp_DANRA__SIZE_128x128__LR_temp_prcp_ERA5__LOSS_sdfweighted__HEADS_4__TIMESTEPS_56/lsm/20050807.npz with shape (128, 128)
2026-01-27 15:12:48 | INFO    | B2_local__32b6a904__20260127T134222Z | sbgm.evaluate.data_resolver | [EvalDataResolver] Loaded per-date land-sea mask from /Users/au728490/OneDrive - Aarhus universitet/PhD_AU/Python_Scripts/DiffusionModels/SBGM_SD/models_and_samples/generated_samples/generation/B2_local__HR_prcp_DANRA__SIZE_128x128__LR_temp_prcp_ERA5__LOSS_sdfweighted__HEADS_4__TIMESTEPS_56/lsm/20081111.npz with shape (128, 128)
2026-01-27 15:12:48 | INFO    | B2_local__32b6a904__20260127T134222Z | sbgm.evaluate.data_resolver | [EvalDataResolver] Loaded per-date land-sea mask from /Users/au728490/OneDrive - Aarhus universitet/PhD_AU/Python_Scripts/DiffusionModels/SBGM_SD/models_and_samples/generated_samples/generation/B2_local__HR_prcp_DANRA__SIZE_128x128__LR_temp_prcp_ERA5__LOSS_sdfweighted__HEADS_4__TIMESTEPS_56/lsm/20180107.npz with shape (128, 128)
2026-01-27 15:12:48 | INFO    | B2_local__32b6a904__20260127T134222Z | sbgm.evaluate.data_resolver | [EvalDataResolver] Loaded per-date land-sea mask from /Users/au728490/OneDrive - Aarhus universitet/PhD_AU/Python_Scripts/DiffusionModels/SBGM_SD/models_and_samples/generated_samples/generation/B2_local__HR_prcp_DANRA__SIZE_128x128__LR_temp_prcp_ERA5__LOSS_sdfweighted__HEADS_4__TIMESTEPS_56/lsm/20180307.npz with shape (128, 128)
2026-01-27 15:12:48 | INFO    | B2_local__32b6a904__20260127T134222Z | sbgm.evaluate.evaluate_prcp.eval_extremes.evaluate_extremes | [extremes] Built daily series for 15 days; HR nans: 0, GEN nans: 0, LR nans: 0
2026-01-27 15:29:13 | WARNING | B2_local__32b6a904__20260127T134222Z | sbgm.evaluate.evaluate_prcp.eval_extremes.evaluate_extremes | [extremes] POT failed for HR: Too few exceedances above u=11.88 (k=1).
2026-01-27 15:29:40 | WARNING | B2_local__32b6a904__20260127T134222Z | sbgm.evaluate.evaluate_prcp.eval_extremes.evaluate_extremes | [extremes] POT failed for LR: Too few exceedances above u=11.88 (k=1).
2026-01-27 15:32:45 | INFO    | B2_local__32b6a904__20260127T134222Z | sbgm.evaluate.data_resolver | [EvalDataResolver] Loaded per-date land-sea mask from /Users/au728490/OneDrive - Aarhus universitet/PhD_AU/Python_Scripts/DiffusionModels/SBGM_SD/models_and_samples/generated_samples/generation/B2_local__HR_prcp_DANRA__SIZE_128x128__LR_temp_prcp_ERA5__LOSS_sdfweighted__HEADS_4__TIMESTEPS_56/lsm/19910813.npz with shape (128, 128)
2026-01-27 15:32:45 | INFO    | B2_local__32b6a904__20260127T134222Z | sbgm.evaluate.data_resolver | [EvalDataResolver] Loaded per-date land-sea mask from /Users/au728490/OneDrive - Aarhus universitet/PhD_AU/Python_Scripts/DiffusionModels/SBGM_SD/models_and_samples/generated_samples/generation/B2_local__HR_prcp_DANRA__SIZE_128x128__LR_temp_prcp_ERA5__LOSS_sdfweighted__HEADS_4__TIMESTEPS_56/lsm/19910813.npz with shape (128, 128)
2026-01-27 15:32:45 | INFO    | B2_local__32b6a904__20260127T134222Z | sbgm.evaluate.data_resolver | [EvalDataResolver] Loaded per-date land-sea mask from /Users/au728490/OneDrive - Aarhus universitet/PhD_AU/Python_Scripts/DiffusionModels/SBGM_SD/models_and_samples/generated_samples/generation/B2_local__HR_prcp_DANRA__SIZE_128x128__LR_temp_prcp_ERA5__LOSS_sdfweighted__HEADS_4__TIMESTEPS_56/lsm/19910813.npz with shape (128, 128)
2026-01-27 15:32:45 | INFO    | B2_local__32b6a904__20260127T134222Z | sbgm.evaluate.data_resolver | [EvalDataResolver] Loaded per-date land-sea mask from /Users/au728490/OneDrive - Aarhus universitet/PhD_AU/Python_Scripts/DiffusionModels/SBGM_SD/models_and_samples/generated_samples/generation/B2_local__HR_prcp_DANRA__SIZE_128x128__LR_temp_prcp_ERA5__LOSS_sdfweighted__HEADS_4__TIMESTEPS_56/lsm/19910813.npz with shape (128, 128)
2026-01-27 15:32:45 | INFO    | B2_local__32b6a904__20260127T134222Z | sbgm.evaluate.data_resolver | [EvalDataResolver] Loaded per-date land-sea mask from /Users/au728490/OneDrive - Aarhus universitet/PhD_AU/Python_Scripts/DiffusionModels/SBGM_SD/models_and_samples/generated_samples/generation/B2_local__HR_prcp_DANRA__SIZE_128x128__LR_temp_prcp_ERA5__LOSS_sdfweighted__HEADS_4__TIMESTEPS_56/lsm/19910813.npz with shape (128, 128)
2026-01-27 15:32:45 | INFO    | B2_local__32b6a904__20260127T134222Z | sbgm.evaluate.data_resolver | [EvalDataResolver] Loaded per-date land-sea mask from /Users/au728490/OneDrive - Aarhus universitet/PhD_AU/Python_Scripts/DiffusionModels/SBGM_SD/models_and_samples/generated_samples/generation/B2_local__HR_prcp_DANRA__SIZE_128x128__LR_temp_prcp_ERA5__LOSS_sdfweighted__HEADS_4__TIMESTEPS_56/lsm/19931215.npz with shape (128, 128)
2026-01-27 15:32:45 | INFO    | B2_local__32b6a904__20260127T134222Z | sbgm.evaluate.data_resolver | [EvalDataResolver] Loaded per-date land-sea mask from /Users/au728490/OneDrive - Aarhus universitet/PhD_AU/Python_Scripts/DiffusionModels/SBGM_SD/models_and_samples/generated_samples/generation/B2_local__HR_prcp_DANRA__SIZE_128x128__LR_temp_prcp_ERA5__LOSS_sdfweighted__HEADS_4__TIMESTEPS_56/lsm/19940831.npz with shape (128, 128)
2026-01-27 15:32:46 | INFO    | B2_local__32b6a904__20260127T134222Z | sbgm.evaluate.data_resolver | [EvalDataResolver] Loaded per-date land-sea mask from /Users/au728490/OneDrive - Aarhus universitet/PhD_AU/Python_Scripts/DiffusionModels/SBGM_SD/models_and_samples/generated_samples/generation/B2_local__HR_prcp_DANRA__SIZE_128x128__LR_temp_prcp_ERA5__LOSS_sdfweighted__HEADS_4__TIMESTEPS_56/lsm/19960425.npz with shape (128, 128)
2026-01-27 15:32:46 | INFO    | B2_local__32b6a904__20260127T134222Z | sbgm.evaluate.data_resolver | [EvalDataResolver] Loaded per-date land-sea mask from /Users/au728490/OneDrive - Aarhus universitet/PhD_AU/Python_Scripts/DiffusionModels/SBGM_SD/models_and_samples/generated_samples/generation/B2_local__HR_prcp_DANRA__SIZE_128x128__LR_temp_prcp_ERA5__LOSS_sdfweighted__HEADS_4__TIMESTEPS_56/lsm/19970301.npz with shape (128, 128)
2026-01-27 15:32:46 | INFO    | B2_local__32b6a904__20260127T134222Z | sbgm.evaluate.data_resolver | [EvalDataResolver] Loaded per-date land-sea mask from /Users/au728490/OneDrive - Aarhus universitet/PhD_AU/Python_Scripts/DiffusionModels/SBGM_SD/models_and_samples/generated_samples/generation/B2_local__HR_prcp_DANRA__SIZE_128x128__LR_temp_prcp_ERA5__LOSS_sdfweighted__HEADS_4__TIMESTEPS_56/lsm/19970917.npz with shape (128, 128)
2026-01-27 15:32:46 | INFO    | B2_local__32b6a904__20260127T134222Z | sbgm.evaluate.data_resolver | [EvalDataResolver] Loaded per-date land-sea mask from /Users/au728490/OneDrive - Aarhus universitet/PhD_AU/Python_Scripts/DiffusionModels/SBGM_SD/models_and_samples/generated_samples/generation/B2_local__HR_prcp_DANRA__SIZE_128x128__LR_temp_prcp_ERA5__LOSS_sdfweighted__HEADS_4__TIMESTEPS_56/lsm/19980422.npz with shape (128, 128)
2026-01-27 15:32:46 | INFO    | B2_local__32b6a904__20260127T134222Z | sbgm.evaluate.data_resolver | [EvalDataResolver] Loaded per-date land-sea mask from /Users/au728490/OneDrive - Aarhus universitet/PhD_AU/Python_Scripts/DiffusionModels/SBGM_SD/models_and_samples/generated_samples/generation/B2_local__HR_prcp_DANRA__SIZE_128x128__LR_temp_prcp_ERA5__LOSS_sdfweighted__HEADS_4__TIMESTEPS_56/lsm/19980818.npz with shape (128, 128)
2026-01-27 15:32:46 | INFO    | B2_local__32b6a904__20260127T134222Z | sbgm.evaluate.data_resolver | [EvalDataResolver] Loaded per-date land-sea mask from /Users/au728490/OneDrive - Aarhus universitet/PhD_AU/Python_Scripts/DiffusionModels/SBGM_SD/models_and_samples/generated_samples/generation/B2_local__HR_prcp_DANRA__SIZE_128x128__LR_temp_prcp_ERA5__LOSS_sdfweighted__HEADS_4__TIMESTEPS_56/lsm/20030109.npz with shape (128, 128)
2026-01-27 15:32:46 | INFO    | B2_local__32b6a904__20260127T134222Z | sbgm.evaluate.data_resolver | [EvalDataResolver] Loaded per-date land-sea mask from /Users/au728490/OneDrive - Aarhus universitet/PhD_AU/Python_Scripts/DiffusionModels/SBGM_SD/models_and_samples/generated_samples/generation/B2_local__HR_prcp_DANRA__SIZE_128x128__LR_temp_prcp_ERA5__LOSS_sdfweighted__HEADS_4__TIMESTEPS_56/lsm/20030312.npz with shape (128, 128)
2026-01-27 15:32:46 | INFO    | B2_local__32b6a904__20260127T134222Z | sbgm.evaluate.data_resolver | [EvalDataResolver] Loaded per-date land-sea mask from /Users/au728490/OneDrive - Aarhus universitet/PhD_AU/Python_Scripts/DiffusionModels/SBGM_SD/models_and_samples/generated_samples/generation/B2_local__HR_prcp_DANRA__SIZE_128x128__LR_temp_prcp_ERA5__LOSS_sdfweighted__HEADS_4__TIMESTEPS_56/lsm/20030531.npz with shape (128, 128)
2026-01-27 15:32:46 | INFO    | B2_local__32b6a904__20260127T134222Z | sbgm.evaluate.data_resolver | [EvalDataResolver] Loaded per-date land-sea mask from /Users/au728490/OneDrive - Aarhus universitet/PhD_AU/Python_Scripts/DiffusionModels/SBGM_SD/models_and_samples/generated_samples/generation/B2_local__HR_prcp_DANRA__SIZE_128x128__LR_temp_prcp_ERA5__LOSS_sdfweighted__HEADS_4__TIMESTEPS_56/lsm/20050807.npz with shape (128, 128)
2026-01-27 15:32:46 | INFO    | B2_local__32b6a904__20260127T134222Z | sbgm.evaluate.data_resolver | [EvalDataResolver] Loaded per-date land-sea mask from /Users/au728490/OneDrive - Aarhus universitet/PhD_AU/Python_Scripts/DiffusionModels/SBGM_SD/models_and_samples/generated_samples/generation/B2_local__HR_prcp_DANRA__SIZE_128x128__LR_temp_prcp_ERA5__LOSS_sdfweighted__HEADS_4__TIMESTEPS_56/lsm/20081111.npz with shape (128, 128)
2026-01-27 15:32:46 | INFO    | B2_local__32b6a904__20260127T134222Z | sbgm.evaluate.data_resolver | [EvalDataResolver] Loaded per-date land-sea mask from /Users/au728490/OneDrive - Aarhus universitet/PhD_AU/Python_Scripts/DiffusionModels/SBGM_SD/models_and_samples/generated_samples/generation/B2_local__HR_prcp_DANRA__SIZE_128x128__LR_temp_prcp_ERA5__LOSS_sdfweighted__HEADS_4__TIMESTEPS_56/lsm/20180107.npz with shape (128, 128)
2026-01-27 15:32:46 | INFO    | B2_local__32b6a904__20260127T134222Z | sbgm.evaluate.data_resolver | [EvalDataResolver] Loaded per-date land-sea mask from /Users/au728490/OneDrive - Aarhus universitet/PhD_AU/Python_Scripts/DiffusionModels/SBGM_SD/models_and_samples/generated_samples/generation/B2_local__HR_prcp_DANRA__SIZE_128x128__LR_temp_prcp_ERA5__LOSS_sdfweighted__HEADS_4__TIMESTEPS_56/lsm/20180307.npz with shape (128, 128)
2026-01-27 15:32:46 | INFO    | B2_local__32b6a904__20260127T134222Z | sbgm.evaluate.data_resolver | [EvalDataResolver] Loaded per-date land-sea mask from /Users/au728490/OneDrive - Aarhus universitet/PhD_AU/Python_Scripts/DiffusionModels/SBGM_SD/models_and_samples/generated_samples/generation/B2_local__HR_prcp_DANRA__SIZE_128x128__LR_temp_prcp_ERA5__LOSS_sdfweighted__HEADS_4__TIMESTEPS_56/lsm/19910813.npz with shape (128, 128)
2026-01-27 15:32:46 | INFO    | B2_local__32b6a904__20260127T134222Z | sbgm.evaluate.data_resolver | [EvalDataResolver] Loaded per-date land-sea mask from /Users/au728490/OneDrive - Aarhus universitet/PhD_AU/Python_Scripts/DiffusionModels/SBGM_SD/models_and_samples/generated_samples/generation/B2_local__HR_prcp_DANRA__SIZE_128x128__LR_temp_prcp_ERA5__LOSS_sdfweighted__HEADS_4__TIMESTEPS_56/lsm/19910813.npz with shape (128, 128)
2026-01-27 15:32:46 | INFO    | B2_local__32b6a904__20260127T134222Z | sbgm.evaluate.data_resolver | [EvalDataResolver] Loaded per-date land-sea mask from /Users/au728490/OneDrive - Aarhus universitet/PhD_AU/Python_Scripts/DiffusionModels/SBGM_SD/models_and_samples/generated_samples/generation/B2_local__HR_prcp_DANRA__SIZE_128x128__LR_temp_prcp_ERA5__LOSS_sdfweighted__HEADS_4__TIMESTEPS_56/lsm/19910813.npz with shape (128, 128)
2026-01-27 15:32:46 | INFO    | B2_local__32b6a904__20260127T134222Z | sbgm.evaluate.data_resolver | [EvalDataResolver] Loaded per-date land-sea mask from /Users/au728490/OneDrive - Aarhus universitet/PhD_AU/Python_Scripts/DiffusionModels/SBGM_SD/models_and_samples/generated_samples/generation/B2_local__HR_prcp_DANRA__SIZE_128x128__LR_temp_prcp_ERA5__LOSS_sdfweighted__HEADS_4__TIMESTEPS_56/lsm/19931215.npz with shape (128, 128)
2026-01-27 15:32:46 | INFO    | B2_local__32b6a904__20260127T134222Z | sbgm.evaluate.data_resolver | [EvalDataResolver] Loaded per-date land-sea mask from /Users/au728490/OneDrive - Aarhus universitet/PhD_AU/Python_Scripts/DiffusionModels/SBGM_SD/models_and_samples/generated_samples/generation/B2_local__HR_prcp_DANRA__SIZE_128x128__LR_temp_prcp_ERA5__LOSS_sdfweighted__HEADS_4__TIMESTEPS_56/lsm/19940831.npz with shape (128, 128)
2026-01-27 15:32:46 | INFO    | B2_local__32b6a904__20260127T134222Z | sbgm.evaluate.data_resolver | [EvalDataResolver] Loaded per-date land-sea mask from /Users/au728490/OneDrive - Aarhus universitet/PhD_AU/Python_Scripts/DiffusionModels/SBGM_SD/models_and_samples/generated_samples/generation/B2_local__HR_prcp_DANRA__SIZE_128x128__LR_temp_prcp_ERA5__LOSS_sdfweighted__HEADS_4__TIMESTEPS_56/lsm/19960425.npz with shape (128, 128)
2026-01-27 15:32:46 | INFO    | B2_local__32b6a904__20260127T134222Z | sbgm.evaluate.data_resolver | [EvalDataResolver] Loaded per-date land-sea mask from /Users/au728490/OneDrive - Aarhus universitet/PhD_AU/Python_Scripts/DiffusionModels/SBGM_SD/models_and_samples/generated_samples/generation/B2_local__HR_prcp_DANRA__SIZE_128x128__LR_temp_prcp_ERA5__LOSS_sdfweighted__HEADS_4__TIMESTEPS_56/lsm/19970301.npz with shape (128, 128)
2026-01-27 15:32:46 | INFO    | B2_local__32b6a904__20260127T134222Z | sbgm.evaluate.data_resolver | [EvalDataResolver] Loaded per-date land-sea mask from /Users/au728490/OneDrive - Aarhus universitet/PhD_AU/Python_Scripts/DiffusionModels/SBGM_SD/models_and_samples/generated_samples/generation/B2_local__HR_prcp_DANRA__SIZE_128x128__LR_temp_prcp_ERA5__LOSS_sdfweighted__HEADS_4__TIMESTEPS_56/lsm/19970917.npz with shape (128, 128)
2026-01-27 15:32:46 | INFO    | B2_local__32b6a904__20260127T134222Z | sbgm.evaluate.data_resolver | [EvalDataResolver] Loaded per-date land-sea mask from /Users/au728490/OneDrive - Aarhus universitet/PhD_AU/Python_Scripts/DiffusionModels/SBGM_SD/models_and_samples/generated_samples/generation/B2_local__HR_prcp_DANRA__SIZE_128x128__LR_temp_prcp_ERA5__LOSS_sdfweighted__HEADS_4__TIMESTEPS_56/lsm/19980422.npz with shape (128, 128)
2026-01-27 15:32:46 | INFO    | B2_local__32b6a904__20260127T134222Z | sbgm.evaluate.data_resolver | [EvalDataResolver] Loaded per-date land-sea mask from /Users/au728490/OneDrive - Aarhus universitet/PhD_AU/Python_Scripts/DiffusionModels/SBGM_SD/models_and_samples/generated_samples/generation/B2_local__HR_prcp_DANRA__SIZE_128x128__LR_temp_prcp_ERA5__LOSS_sdfweighted__HEADS_4__TIMESTEPS_56/lsm/19980818.npz with shape (128, 128)
2026-01-27 15:32:46 | INFO    | B2_local__32b6a904__20260127T134222Z | sbgm.evaluate.data_resolver | [EvalDataResolver] Loaded per-date land-sea mask from /Users/au728490/OneDrive - Aarhus universitet/PhD_AU/Python_Scripts/DiffusionModels/SBGM_SD/models_and_samples/generated_samples/generation/B2_local__HR_prcp_DANRA__SIZE_128x128__LR_temp_prcp_ERA5__LOSS_sdfweighted__HEADS_4__TIMESTEPS_56/lsm/20030109.npz with shape (128, 128)
2026-01-27 15:32:46 | INFO    | B2_local__32b6a904__20260127T134222Z | sbgm.evaluate.data_resolver | [EvalDataResolver] Loaded per-date land-sea mask from /Users/au728490/OneDrive - Aarhus universitet/PhD_AU/Python_Scripts/DiffusionModels/SBGM_SD/models_and_samples/generated_samples/generation/B2_local__HR_prcp_DANRA__SIZE_128x128__LR_temp_prcp_ERA5__LOSS_sdfweighted__HEADS_4__TIMESTEPS_56/lsm/20030312.npz with shape (128, 128)
2026-01-27 15:32:46 | INFO    | B2_local__32b6a904__20260127T134222Z | sbgm.evaluate.data_resolver | [EvalDataResolver] Loaded per-date land-sea mask from /Users/au728490/OneDrive - Aarhus universitet/PhD_AU/Python_Scripts/DiffusionModels/SBGM_SD/models_and_samples/generated_samples/generation/B2_local__HR_prcp_DANRA__SIZE_128x128__LR_temp_prcp_ERA5__LOSS_sdfweighted__HEADS_4__TIMESTEPS_56/lsm/20030531.npz with shape (128, 128)
2026-01-27 15:32:46 | INFO    | B2_local__32b6a904__20260127T134222Z | sbgm.evaluate.data_resolver | [EvalDataResolver] Loaded per-date land-sea mask from /Users/au728490/OneDrive - Aarhus universitet/PhD_AU/Python_Scripts/DiffusionModels/SBGM_SD/models_and_samples/generated_samples/generation/B2_local__HR_prcp_DANRA__SIZE_128x128__LR_temp_prcp_ERA5__LOSS_sdfweighted__HEADS_4__TIMESTEPS_56/lsm/20050807.npz with shape (128, 128)
2026-01-27 15:32:46 | INFO    | B2_local__32b6a904__20260127T134222Z | sbgm.evaluate.data_resolver | [EvalDataResolver] Loaded per-date land-sea mask from /Users/au728490/OneDrive - Aarhus universitet/PhD_AU/Python_Scripts/DiffusionModels/SBGM_SD/models_and_samples/generated_samples/generation/B2_local__HR_prcp_DANRA__SIZE_128x128__LR_temp_prcp_ERA5__LOSS_sdfweighted__HEADS_4__TIMESTEPS_56/lsm/20081111.npz with shape (128, 128)
2026-01-27 15:32:46 | INFO    | B2_local__32b6a904__20260127T134222Z | sbgm.evaluate.data_resolver | [EvalDataResolver] Loaded per-date land-sea mask from /Users/au728490/OneDrive - Aarhus universitet/PhD_AU/Python_Scripts/DiffusionModels/SBGM_SD/models_and_samples/generated_samples/generation/B2_local__HR_prcp_DANRA__SIZE_128x128__LR_temp_prcp_ERA5__LOSS_sdfweighted__HEADS_4__TIMESTEPS_56/lsm/20180107.npz with shape (128, 128)
2026-01-27 15:32:46 | INFO    | B2_local__32b6a904__20260127T134222Z | sbgm.evaluate.data_resolver | [EvalDataResolver] Loaded per-date land-sea mask from /Users/au728490/OneDrive - Aarhus universitet/PhD_AU/Python_Scripts/DiffusionModels/SBGM_SD/models_and_samples/generated_samples/generation/B2_local__HR_prcp_DANRA__SIZE_128x128__LR_temp_prcp_ERA5__LOSS_sdfweighted__HEADS_4__TIMESTEPS_56/lsm/20180307.npz with shape (128, 128)
2026-01-27 15:32:46 | INFO    | B2_local__32b6a904__20260127T134222Z | sbgm.evaluate.data_resolver | [EvalDataResolver] Loaded per-date land-sea mask from /Users/au728490/OneDrive - Aarhus universitet/PhD_AU/Python_Scripts/DiffusionModels/SBGM_SD/models_and_samples/generated_samples/generation/B2_local__HR_prcp_DANRA__SIZE_128x128__LR_temp_prcp_ERA5__LOSS_sdfweighted__HEADS_4__TIMESTEPS_56/lsm/19910813.npz with shape (128, 128)
2026-01-27 15:32:46 | INFO    | B2_local__32b6a904__20260127T134222Z | sbgm.evaluate.data_resolver | [EvalDataResolver] Loaded per-date land-sea mask from /Users/au728490/OneDrive - Aarhus universitet/PhD_AU/Python_Scripts/DiffusionModels/SBGM_SD/models_and_samples/generated_samples/generation/B2_local__HR_prcp_DANRA__SIZE_128x128__LR_temp_prcp_ERA5__LOSS_sdfweighted__HEADS_4__TIMESTEPS_56/lsm/19910813.npz with shape (128, 128)
2026-01-27 15:32:46 | INFO    | B2_local__32b6a904__20260127T134222Z | sbgm.evaluate.data_resolver | [EvalDataResolver] Loaded per-date land-sea mask from /Users/au728490/OneDrive - Aarhus universitet/PhD_AU/Python_Scripts/DiffusionModels/SBGM_SD/models_and_samples/generated_samples/generation/B2_local__HR_prcp_DANRA__SIZE_128x128__LR_temp_prcp_ERA5__LOSS_sdfweighted__HEADS_4__TIMESTEPS_56/lsm/19910813.npz with shape (128, 128)
2026-01-27 15:32:46 | INFO    | B2_local__32b6a904__20260127T134222Z | sbgm.evaluate.data_resolver | [EvalDataResolver] Loaded per-date land-sea mask from /Users/au728490/OneDrive - Aarhus universitet/PhD_AU/Python_Scripts/DiffusionModels/SBGM_SD/models_and_samples/generated_samples/generation/B2_local__HR_prcp_DANRA__SIZE_128x128__LR_temp_prcp_ERA5__LOSS_sdfweighted__HEADS_4__TIMESTEPS_56/lsm/19931215.npz with shape (128, 128)
2026-01-27 15:32:46 | INFO    | B2_local__32b6a904__20260127T134222Z | sbgm.evaluate.data_resolver | [EvalDataResolver] Loaded per-date land-sea mask from /Users/au728490/OneDrive - Aarhus universitet/PhD_AU/Python_Scripts/DiffusionModels/SBGM_SD/models_and_samples/generated_samples/generation/B2_local__HR_prcp_DANRA__SIZE_128x128__LR_temp_prcp_ERA5__LOSS_sdfweighted__HEADS_4__TIMESTEPS_56/lsm/19940831.npz with shape (128, 128)
2026-01-27 15:32:46 | INFO    | B2_local__32b6a904__20260127T134222Z | sbgm.evaluate.data_resolver | [EvalDataResolver] Loaded per-date land-sea mask from /Users/au728490/OneDrive - Aarhus universitet/PhD_AU/Python_Scripts/DiffusionModels/SBGM_SD/models_and_samples/generated_samples/generation/B2_local__HR_prcp_DANRA__SIZE_128x128__LR_temp_prcp_ERA5__LOSS_sdfweighted__HEADS_4__TIMESTEPS_56/lsm/19960425.npz with shape (128, 128)
2026-01-27 15:32:46 | INFO    | B2_local__32b6a904__20260127T134222Z | sbgm.evaluate.data_resolver | [EvalDataResolver] Loaded per-date land-sea mask from /Users/au728490/OneDrive - Aarhus universitet/PhD_AU/Python_Scripts/DiffusionModels/SBGM_SD/models_and_samples/generated_samples/generation/B2_local__HR_prcp_DANRA__SIZE_128x128__LR_temp_prcp_ERA5__LOSS_sdfweighted__HEADS_4__TIMESTEPS_56/lsm/19970301.npz with shape (128, 128)
2026-01-27 15:32:46 | INFO    | B2_local__32b6a904__20260127T134222Z | sbgm.evaluate.data_resolver | [EvalDataResolver] Loaded per-date land-sea mask from /Users/au728490/OneDrive - Aarhus universitet/PhD_AU/Python_Scripts/DiffusionModels/SBGM_SD/models_and_samples/generated_samples/generation/B2_local__HR_prcp_DANRA__SIZE_128x128__LR_temp_prcp_ERA5__LOSS_sdfweighted__HEADS_4__TIMESTEPS_56/lsm/19970917.npz with shape (128, 128)
2026-01-27 15:32:46 | INFO    | B2_local__32b6a904__20260127T134222Z | sbgm.evaluate.data_resolver | [EvalDataResolver] Loaded per-date land-sea mask from /Users/au728490/OneDrive - Aarhus universitet/PhD_AU/Python_Scripts/DiffusionModels/SBGM_SD/models_and_samples/generated_samples/generation/B2_local__HR_prcp_DANRA__SIZE_128x128__LR_temp_prcp_ERA5__LOSS_sdfweighted__HEADS_4__TIMESTEPS_56/lsm/19980422.npz with shape (128, 128)
2026-01-27 15:32:46 | INFO    | B2_local__32b6a904__20260127T134222Z | sbgm.evaluate.data_resolver | [EvalDataResolver] Loaded per-date land-sea mask from /Users/au728490/OneDrive - Aarhus universitet/PhD_AU/Python_Scripts/DiffusionModels/SBGM_SD/models_and_samples/generated_samples/generation/B2_local__HR_prcp_DANRA__SIZE_128x128__LR_temp_prcp_ERA5__LOSS_sdfweighted__HEADS_4__TIMESTEPS_56/lsm/19980818.npz with shape (128, 128)
2026-01-27 15:32:46 | INFO    | B2_local__32b6a904__20260127T134222Z | sbgm.evaluate.data_resolver | [EvalDataResolver] Loaded per-date land-sea mask from /Users/au728490/OneDrive - Aarhus universitet/PhD_AU/Python_Scripts/DiffusionModels/SBGM_SD/models_and_samples/generated_samples/generation/B2_local__HR_prcp_DANRA__SIZE_128x128__LR_temp_prcp_ERA5__LOSS_sdfweighted__HEADS_4__TIMESTEPS_56/lsm/20030109.npz with shape (128, 128)
2026-01-27 15:32:46 | INFO    | B2_local__32b6a904__20260127T134222Z | sbgm.evaluate.data_resolver | [EvalDataResolver] Loaded per-date land-sea mask from /Users/au728490/OneDrive - Aarhus universitet/PhD_AU/Python_Scripts/DiffusionModels/SBGM_SD/models_and_samples/generated_samples/generation/B2_local__HR_prcp_DANRA__SIZE_128x128__LR_temp_prcp_ERA5__LOSS_sdfweighted__HEADS_4__TIMESTEPS_56/lsm/20030312.npz with shape (128, 128)
2026-01-27 15:32:46 | INFO    | B2_local__32b6a904__20260127T134222Z | sbgm.evaluate.data_resolver | [EvalDataResolver] Loaded per-date land-sea mask from /Users/au728490/OneDrive - Aarhus universitet/PhD_AU/Python_Scripts/DiffusionModels/SBGM_SD/models_and_samples/generated_samples/generation/B2_local__HR_prcp_DANRA__SIZE_128x128__LR_temp_prcp_ERA5__LOSS_sdfweighted__HEADS_4__TIMESTEPS_56/lsm/20030531.npz with shape (128, 128)
2026-01-27 15:32:46 | INFO    | B2_local__32b6a904__20260127T134222Z | sbgm.evaluate.data_resolver | [EvalDataResolver] Loaded per-date land-sea mask from /Users/au728490/OneDrive - Aarhus universitet/PhD_AU/Python_Scripts/DiffusionModels/SBGM_SD/models_and_samples/generated_samples/generation/B2_local__HR_prcp_DANRA__SIZE_128x128__LR_temp_prcp_ERA5__LOSS_sdfweighted__HEADS_4__TIMESTEPS_56/lsm/20050807.npz with shape (128, 128)
2026-01-27 15:32:46 | INFO    | B2_local__32b6a904__20260127T134222Z | sbgm.evaluate.data_resolver | [EvalDataResolver] Loaded per-date land-sea mask from /Users/au728490/OneDrive - Aarhus universitet/PhD_AU/Python_Scripts/DiffusionModels/SBGM_SD/models_and_samples/generated_samples/generation/B2_local__HR_prcp_DANRA__SIZE_128x128__LR_temp_prcp_ERA5__LOSS_sdfweighted__HEADS_4__TIMESTEPS_56/lsm/20081111.npz with shape (128, 128)
2026-01-27 15:32:46 | INFO    | B2_local__32b6a904__20260127T134222Z | sbgm.evaluate.data_resolver | [EvalDataResolver] Loaded per-date land-sea mask from /Users/au728490/OneDrive - Aarhus universitet/PhD_AU/Python_Scripts/DiffusionModels/SBGM_SD/models_and_samples/generated_samples/generation/B2_local__HR_prcp_DANRA__SIZE_128x128__LR_temp_prcp_ERA5__LOSS_sdfweighted__HEADS_4__TIMESTEPS_56/lsm/20180107.npz with shape (128, 128)
2026-01-27 15:32:46 | INFO    | B2_local__32b6a904__20260127T134222Z | sbgm.evaluate.data_resolver | [EvalDataResolver] Loaded per-date land-sea mask from /Users/au728490/OneDrive - Aarhus universitet/PhD_AU/Python_Scripts/DiffusionModels/SBGM_SD/models_and_samples/generated_samples/generation/B2_local__HR_prcp_DANRA__SIZE_128x128__LR_temp_prcp_ERA5__LOSS_sdfweighted__HEADS_4__TIMESTEPS_56/lsm/20180307.npz with shape (128, 128)
2026-01-27 15:32:47 | INFO    | B2_local__32b6a904__20260127T134222Z | sbgm.evaluate.evaluate_prcp.eval_extremes.evaluate_extremes | [extremes] Done. Outputs at: /Users/au728490/OneDrive - Aarhus universitet/PhD_AU/Python_Scripts/DiffusionModels/SBGM_SD/models_and_samples/generated_samples/evaluation/B2_local__HR_prcp_DANRA__SIZE_128x128__LR_temp_prcp_ERA5__LOSS_sdfweighted__HEADS_4__TIMESTEPS_56/prcp/extremes
2026-01-27 15:32:47 | INFO    | B2_local__32b6a904__20260127T134222Z | sbgm.evaluate.evaluation | [EvaluationRunner] Dispatching task: 'prcp_distributional' (normalized: 'prcp_distributional')
2026-01-27 15:32:47 | INFO    | B2_local__32b6a904__20260127T134222Z | sbgm.evaluate.evaluation | [EvaluationRunner] Running task 'prcp_distributional' -> /Users/au728490/OneDrive - Aarhus universitet/PhD_AU/Python_Scripts/DiffusionModels/SBGM_SD/models_and_samples/generated_samples/evaluation/B2_local__HR_prcp_DANRA__SIZE_128x128__LR_temp_prcp_ERA5__LOSS_sdfweighted__HEADS_4__TIMESTEPS_56/prcp/distributional
2026-01-27 15:32:47 | INFO    | B2_local__32b6a904__20260127T134222Z | sbgm.evaluate.data_resolver | [EvalDataResolver] Found 15 dates in PMM folder: /Users/au728490/OneDrive - Aarhus universitet/PhD_AU/Python_Scripts/DiffusionModels/SBGM_SD/models_and_samples/generated_samples/generation/B2_local__HR_prcp_DANRA__SIZE_128x128__LR_temp_prcp_ERA5__LOSS_sdfweighted__HEADS_4__TIMESTEPS_56/pmm_phys
2026-01-27 15:32:47 | INFO    | B2_local__32b6a904__20260127T134222Z | sbgm.evaluate.evaluate_prcp.eval_distributions.evaluate_distributions | [eval_distributional] Running on 15 dates.
2026-01-27 15:32:47 | INFO    | B2_local__32b6a904__20260127T134222Z | sbgm.evaluate.data_resolver | [EvalDataResolver] Loaded per-date land-sea mask from /Users/au728490/OneDrive - Aarhus universitet/PhD_AU/Python_Scripts/DiffusionModels/SBGM_SD/models_and_samples/generated_samples/generation/B2_local__HR_prcp_DANRA__SIZE_128x128__LR_temp_prcp_ERA5__LOSS_sdfweighted__HEADS_4__TIMESTEPS_56/lsm/19910813.npz with shape (128, 128)
2026-01-27 15:32:47 | INFO    | B2_local__32b6a904__20260127T134222Z | sbgm.evaluate.data_resolver | [EvalDataResolver] Loaded per-date land-sea mask from /Users/au728490/OneDrive - Aarhus universitet/PhD_AU/Python_Scripts/DiffusionModels/SBGM_SD/models_and_samples/generated_samples/generation/B2_local__HR_prcp_DANRA__SIZE_128x128__LR_temp_prcp_ERA5__LOSS_sdfweighted__HEADS_4__TIMESTEPS_56/lsm/19931215.npz with shape (128, 128)
2026-01-27 15:32:47 | INFO    | B2_local__32b6a904__20260127T134222Z | sbgm.evaluate.data_resolver | [EvalDataResolver] Loaded per-date land-sea mask from /Users/au728490/OneDrive - Aarhus universitet/PhD_AU/Python_Scripts/DiffusionModels/SBGM_SD/models_and_samples/generated_samples/generation/B2_local__HR_prcp_DANRA__SIZE_128x128__LR_temp_prcp_ERA5__LOSS_sdfweighted__HEADS_4__TIMESTEPS_56/lsm/19940831.npz with shape (128, 128)
2026-01-27 15:32:47 | INFO    | B2_local__32b6a904__20260127T134222Z | sbgm.evaluate.data_resolver | [EvalDataResolver] Loaded per-date land-sea mask from /Users/au728490/OneDrive - Aarhus universitet/PhD_AU/Python_Scripts/DiffusionModels/SBGM_SD/models_and_samples/generated_samples/generation/B2_local__HR_prcp_DANRA__SIZE_128x128__LR_temp_prcp_ERA5__LOSS_sdfweighted__HEADS_4__TIMESTEPS_56/lsm/19960425.npz with shape (128, 128)
2026-01-27 15:32:47 | INFO    | B2_local__32b6a904__20260127T134222Z | sbgm.evaluate.data_resolver | [EvalDataResolver] Loaded per-date land-sea mask from /Users/au728490/OneDrive - Aarhus universitet/PhD_AU/Python_Scripts/DiffusionModels/SBGM_SD/models_and_samples/generated_samples/generation/B2_local__HR_prcp_DANRA__SIZE_128x128__LR_temp_prcp_ERA5__LOSS_sdfweighted__HEADS_4__TIMESTEPS_56/lsm/19970301.npz with shape (128, 128)
2026-01-27 15:32:47 | INFO    | B2_local__32b6a904__20260127T134222Z | sbgm.evaluate.data_resolver | [EvalDataResolver] Loaded per-date land-sea mask from /Users/au728490/OneDrive - Aarhus universitet/PhD_AU/Python_Scripts/DiffusionModels/SBGM_SD/models_and_samples/generated_samples/generation/B2_local__HR_prcp_DANRA__SIZE_128x128__LR_temp_prcp_ERA5__LOSS_sdfweighted__HEADS_4__TIMESTEPS_56/lsm/19970917.npz with shape (128, 128)
2026-01-27 15:32:47 | INFO    | B2_local__32b6a904__20260127T134222Z | sbgm.evaluate.data_resolver | [EvalDataResolver] Loaded per-date land-sea mask from /Users/au728490/OneDrive - Aarhus universitet/PhD_AU/Python_Scripts/DiffusionModels/SBGM_SD/models_and_samples/generated_samples/generation/B2_local__HR_prcp_DANRA__SIZE_128x128__LR_temp_prcp_ERA5__LOSS_sdfweighted__HEADS_4__TIMESTEPS_56/lsm/19980422.npz with shape (128, 128)
2026-01-27 15:32:47 | INFO    | B2_local__32b6a904__20260127T134222Z | sbgm.evaluate.data_resolver | [EvalDataResolver] Loaded per-date land-sea mask from /Users/au728490/OneDrive - Aarhus universitet/PhD_AU/Python_Scripts/DiffusionModels/SBGM_SD/models_and_samples/generated_samples/generation/B2_local__HR_prcp_DANRA__SIZE_128x128__LR_temp_prcp_ERA5__LOSS_sdfweighted__HEADS_4__TIMESTEPS_56/lsm/19980818.npz with shape (128, 128)
2026-01-27 15:32:47 | INFO    | B2_local__32b6a904__20260127T134222Z | sbgm.evaluate.data_resolver | [EvalDataResolver] Loaded per-date land-sea mask from /Users/au728490/OneDrive - Aarhus universitet/PhD_AU/Python_Scripts/DiffusionModels/SBGM_SD/models_and_samples/generated_samples/generation/B2_local__HR_prcp_DANRA__SIZE_128x128__LR_temp_prcp_ERA5__LOSS_sdfweighted__HEADS_4__TIMESTEPS_56/lsm/20030109.npz with shape (128, 128)
2026-01-27 15:32:47 | INFO    | B2_local__32b6a904__20260127T134222Z | sbgm.evaluate.data_resolver | [EvalDataResolver] Loaded per-date land-sea mask from /Users/au728490/OneDrive - Aarhus universitet/PhD_AU/Python_Scripts/DiffusionModels/SBGM_SD/models_and_samples/generated_samples/generation/B2_local__HR_prcp_DANRA__SIZE_128x128__LR_temp_prcp_ERA5__LOSS_sdfweighted__HEADS_4__TIMESTEPS_56/lsm/20030312.npz with shape (128, 128)
2026-01-27 15:32:47 | INFO    | B2_local__32b6a904__20260127T134222Z | sbgm.evaluate.data_resolver | [EvalDataResolver] Loaded per-date land-sea mask from /Users/au728490/OneDrive - Aarhus universitet/PhD_AU/Python_Scripts/DiffusionModels/SBGM_SD/models_and_samples/generated_samples/generation/B2_local__HR_prcp_DANRA__SIZE_128x128__LR_temp_prcp_ERA5__LOSS_sdfweighted__HEADS_4__TIMESTEPS_56/lsm/20030531.npz with shape (128, 128)
2026-01-27 15:32:47 | INFO    | B2_local__32b6a904__20260127T134222Z | sbgm.evaluate.data_resolver | [EvalDataResolver] Loaded per-date land-sea mask from /Users/au728490/OneDrive - Aarhus universitet/PhD_AU/Python_Scripts/DiffusionModels/SBGM_SD/models_and_samples/generated_samples/generation/B2_local__HR_prcp_DANRA__SIZE_128x128__LR_temp_prcp_ERA5__LOSS_sdfweighted__HEADS_4__TIMESTEPS_56/lsm/20050807.npz with shape (128, 128)
2026-01-27 15:32:47 | INFO    | B2_local__32b6a904__20260127T134222Z | sbgm.evaluate.data_resolver | [EvalDataResolver] Loaded per-date land-sea mask from /Users/au728490/OneDrive - Aarhus universitet/PhD_AU/Python_Scripts/DiffusionModels/SBGM_SD/models_and_samples/generated_samples/generation/B2_local__HR_prcp_DANRA__SIZE_128x128__LR_temp_prcp_ERA5__LOSS_sdfweighted__HEADS_4__TIMESTEPS_56/lsm/20081111.npz with shape (128, 128)
2026-01-27 15:32:47 | INFO    | B2_local__32b6a904__20260127T134222Z | sbgm.evaluate.data_resolver | [EvalDataResolver] Loaded per-date land-sea mask from /Users/au728490/OneDrive - Aarhus universitet/PhD_AU/Python_Scripts/DiffusionModels/SBGM_SD/models_and_samples/generated_samples/generation/B2_local__HR_prcp_DANRA__SIZE_128x128__LR_temp_prcp_ERA5__LOSS_sdfweighted__HEADS_4__TIMESTEPS_56/lsm/20180107.npz with shape (128, 128)
2026-01-27 15:32:47 | INFO    | B2_local__32b6a904__20260127T134222Z | sbgm.evaluate.data_resolver | [EvalDataResolver] Loaded per-date land-sea mask from /Users/au728490/OneDrive - Aarhus universitet/PhD_AU/Python_Scripts/DiffusionModels/SBGM_SD/models_and_samples/generated_samples/generation/B2_local__HR_prcp_DANRA__SIZE_128x128__LR_temp_prcp_ERA5__LOSS_sdfweighted__HEADS_4__TIMESTEPS_56/lsm/20180307.npz with shape (128, 128)
2026-01-27 15:32:47 | INFO    | B2_local__32b6a904__20260127T134222Z | sbgm.evaluate.data_resolver | [EvalDataResolver] Loaded per-date land-sea mask from /Users/au728490/OneDrive - Aarhus universitet/PhD_AU/Python_Scripts/DiffusionModels/SBGM_SD/models_and_samples/generated_samples/generation/B2_local__HR_prcp_DANRA__SIZE_128x128__LR_temp_prcp_ERA5__LOSS_sdfweighted__HEADS_4__TIMESTEPS_56/lsm/19910813.npz with shape (128, 128)
2026-01-27 15:32:47 | INFO    | B2_local__32b6a904__20260127T134222Z | sbgm.evaluate.data_resolver | [EvalDataResolver] Loaded per-date land-sea mask from /Users/au728490/OneDrive - Aarhus universitet/PhD_AU/Python_Scripts/DiffusionModels/SBGM_SD/models_and_samples/generated_samples/generation/B2_local__HR_prcp_DANRA__SIZE_128x128__LR_temp_prcp_ERA5__LOSS_sdfweighted__HEADS_4__TIMESTEPS_56/lsm/19931215.npz with shape (128, 128)
2026-01-27 15:32:47 | INFO    | B2_local__32b6a904__20260127T134222Z | sbgm.evaluate.data_resolver | [EvalDataResolver] Loaded per-date land-sea mask from /Users/au728490/OneDrive - Aarhus universitet/PhD_AU/Python_Scripts/DiffusionModels/SBGM_SD/models_and_samples/generated_samples/generation/B2_local__HR_prcp_DANRA__SIZE_128x128__LR_temp_prcp_ERA5__LOSS_sdfweighted__HEADS_4__TIMESTEPS_56/lsm/19940831.npz with shape (128, 128)
2026-01-27 15:32:47 | INFO    | B2_local__32b6a904__20260127T134222Z | sbgm.evaluate.data_resolver | [EvalDataResolver] Loaded per-date land-sea mask from /Users/au728490/OneDrive - Aarhus universitet/PhD_AU/Python_Scripts/DiffusionModels/SBGM_SD/models_and_samples/generated_samples/generation/B2_local__HR_prcp_DANRA__SIZE_128x128__LR_temp_prcp_ERA5__LOSS_sdfweighted__HEADS_4__TIMESTEPS_56/lsm/19960425.npz with shape (128, 128)
2026-01-27 15:32:47 | INFO    | B2_local__32b6a904__20260127T134222Z | sbgm.evaluate.data_resolver | [EvalDataResolver] Loaded per-date land-sea mask from /Users/au728490/OneDrive - Aarhus universitet/PhD_AU/Python_Scripts/DiffusionModels/SBGM_SD/models_and_samples/generated_samples/generation/B2_local__HR_prcp_DANRA__SIZE_128x128__LR_temp_prcp_ERA5__LOSS_sdfweighted__HEADS_4__TIMESTEPS_56/lsm/19970301.npz with shape (128, 128)
2026-01-27 15:32:47 | INFO    | B2_local__32b6a904__20260127T134222Z | sbgm.evaluate.data_resolver | [EvalDataResolver] Loaded per-date land-sea mask from /Users/au728490/OneDrive - Aarhus universitet/PhD_AU/Python_Scripts/DiffusionModels/SBGM_SD/models_and_samples/generated_samples/generation/B2_local__HR_prcp_DANRA__SIZE_128x128__LR_temp_prcp_ERA5__LOSS_sdfweighted__HEADS_4__TIMESTEPS_56/lsm/19970917.npz with shape (128, 128)
2026-01-27 15:32:47 | INFO    | B2_local__32b6a904__20260127T134222Z | sbgm.evaluate.data_resolver | [EvalDataResolver] Loaded per-date land-sea mask from /Users/au728490/OneDrive - Aarhus universitet/PhD_AU/Python_Scripts/DiffusionModels/SBGM_SD/models_and_samples/generated_samples/generation/B2_local__HR_prcp_DANRA__SIZE_128x128__LR_temp_prcp_ERA5__LOSS_sdfweighted__HEADS_4__TIMESTEPS_56/lsm/19980422.npz with shape (128, 128)
2026-01-27 15:32:47 | INFO    | B2_local__32b6a904__20260127T134222Z | sbgm.evaluate.data_resolver | [EvalDataResolver] Loaded per-date land-sea mask from /Users/au728490/OneDrive - Aarhus universitet/PhD_AU/Python_Scripts/DiffusionModels/SBGM_SD/models_and_samples/generated_samples/generation/B2_local__HR_prcp_DANRA__SIZE_128x128__LR_temp_prcp_ERA5__LOSS_sdfweighted__HEADS_4__TIMESTEPS_56/lsm/19980818.npz with shape (128, 128)
2026-01-27 15:32:47 | INFO    | B2_local__32b6a904__20260127T134222Z | sbgm.evaluate.data_resolver | [EvalDataResolver] Loaded per-date land-sea mask from /Users/au728490/OneDrive - Aarhus universitet/PhD_AU/Python_Scripts/DiffusionModels/SBGM_SD/models_and_samples/generated_samples/generation/B2_local__HR_prcp_DANRA__SIZE_128x128__LR_temp_prcp_ERA5__LOSS_sdfweighted__HEADS_4__TIMESTEPS_56/lsm/20030109.npz with shape (128, 128)
2026-01-27 15:32:47 | INFO    | B2_local__32b6a904__20260127T134222Z | sbgm.evaluate.data_resolver | [EvalDataResolver] Loaded per-date land-sea mask from /Users/au728490/OneDrive - Aarhus universitet/PhD_AU/Python_Scripts/DiffusionModels/SBGM_SD/models_and_samples/generated_samples/generation/B2_local__HR_prcp_DANRA__SIZE_128x128__LR_temp_prcp_ERA5__LOSS_sdfweighted__HEADS_4__TIMESTEPS_56/lsm/20030312.npz with shape (128, 128)
2026-01-27 15:32:47 | INFO    | B2_local__32b6a904__20260127T134222Z | sbgm.evaluate.data_resolver | [EvalDataResolver] Loaded per-date land-sea mask from /Users/au728490/OneDrive - Aarhus universitet/PhD_AU/Python_Scripts/DiffusionModels/SBGM_SD/models_and_samples/generated_samples/generation/B2_local__HR_prcp_DANRA__SIZE_128x128__LR_temp_prcp_ERA5__LOSS_sdfweighted__HEADS_4__TIMESTEPS_56/lsm/20030531.npz with shape (128, 128)
2026-01-27 15:32:47 | INFO    | B2_local__32b6a904__20260127T134222Z | sbgm.evaluate.data_resolver | [EvalDataResolver] Loaded per-date land-sea mask from /Users/au728490/OneDrive - Aarhus universitet/PhD_AU/Python_Scripts/DiffusionModels/SBGM_SD/models_and_samples/generated_samples/generation/B2_local__HR_prcp_DANRA__SIZE_128x128__LR_temp_prcp_ERA5__LOSS_sdfweighted__HEADS_4__TIMESTEPS_56/lsm/20050807.npz with shape (128, 128)
2026-01-27 15:32:47 | INFO    | B2_local__32b6a904__20260127T134222Z | sbgm.evaluate.data_resolver | [EvalDataResolver] Loaded per-date land-sea mask from /Users/au728490/OneDrive - Aarhus universitet/PhD_AU/Python_Scripts/DiffusionModels/SBGM_SD/models_and_samples/generated_samples/generation/B2_local__HR_prcp_DANRA__SIZE_128x128__LR_temp_prcp_ERA5__LOSS_sdfweighted__HEADS_4__TIMESTEPS_56/lsm/20081111.npz with shape (128, 128)
2026-01-27 15:32:47 | INFO    | B2_local__32b6a904__20260127T134222Z | sbgm.evaluate.data_resolver | [EvalDataResolver] Loaded per-date land-sea mask from /Users/au728490/OneDrive - Aarhus universitet/PhD_AU/Python_Scripts/DiffusionModels/SBGM_SD/models_and_samples/generated_samples/generation/B2_local__HR_prcp_DANRA__SIZE_128x128__LR_temp_prcp_ERA5__LOSS_sdfweighted__HEADS_4__TIMESTEPS_56/lsm/20180107.npz with shape (128, 128)
2026-01-27 15:32:47 | INFO    | B2_local__32b6a904__20260127T134222Z | sbgm.evaluate.data_resolver | [EvalDataResolver] Loaded per-date land-sea mask from /Users/au728490/OneDrive - Aarhus universitet/PhD_AU/Python_Scripts/DiffusionModels/SBGM_SD/models_and_samples/generated_samples/generation/B2_local__HR_prcp_DANRA__SIZE_128x128__LR_temp_prcp_ERA5__LOSS_sdfweighted__HEADS_4__TIMESTEPS_56/lsm/20180307.npz with shape (128, 128)
2026-01-27 15:32:47 | INFO    | B2_local__32b6a904__20260127T134222Z | sbgm.evaluate.data_resolver | [EvalDataResolver] Loaded per-date land-sea mask from /Users/au728490/OneDrive - Aarhus universitet/PhD_AU/Python_Scripts/DiffusionModels/SBGM_SD/models_and_samples/generated_samples/generation/B2_local__HR_prcp_DANRA__SIZE_128x128__LR_temp_prcp_ERA5__LOSS_sdfweighted__HEADS_4__TIMESTEPS_56/lsm/19910813.npz with shape (128, 128)
2026-01-27 15:32:47 | INFO    | B2_local__32b6a904__20260127T134222Z | sbgm.evaluate.data_resolver | [EvalDataResolver] Loaded per-date land-sea mask from /Users/au728490/OneDrive - Aarhus universitet/PhD_AU/Python_Scripts/DiffusionModels/SBGM_SD/models_and_samples/generated_samples/generation/B2_local__HR_prcp_DANRA__SIZE_128x128__LR_temp_prcp_ERA5__LOSS_sdfweighted__HEADS_4__TIMESTEPS_56/lsm/19910813.npz with shape (128, 128)
2026-01-27 15:32:47 | INFO    | B2_local__32b6a904__20260127T134222Z | sbgm.evaluate.data_resolver | [EvalDataResolver] Loaded per-date land-sea mask from /Users/au728490/OneDrive - Aarhus universitet/PhD_AU/Python_Scripts/DiffusionModels/SBGM_SD/models_and_samples/generated_samples/generation/B2_local__HR_prcp_DANRA__SIZE_128x128__LR_temp_prcp_ERA5__LOSS_sdfweighted__HEADS_4__TIMESTEPS_56/lsm/19931215.npz with shape (128, 128)
2026-01-27 15:32:47 | INFO    | B2_local__32b6a904__20260127T134222Z | sbgm.evaluate.data_resolver | [EvalDataResolver] Loaded per-date land-sea mask from /Users/au728490/OneDrive - Aarhus universitet/PhD_AU/Python_Scripts/DiffusionModels/SBGM_SD/models_and_samples/generated_samples/generation/B2_local__HR_prcp_DANRA__SIZE_128x128__LR_temp_prcp_ERA5__LOSS_sdfweighted__HEADS_4__TIMESTEPS_56/lsm/19940831.npz with shape (128, 128)
2026-01-27 15:32:47 | INFO    | B2_local__32b6a904__20260127T134222Z | sbgm.evaluate.data_resolver | [EvalDataResolver] Loaded per-date land-sea mask from /Users/au728490/OneDrive - Aarhus universitet/PhD_AU/Python_Scripts/DiffusionModels/SBGM_SD/models_and_samples/generated_samples/generation/B2_local__HR_prcp_DANRA__SIZE_128x128__LR_temp_prcp_ERA5__LOSS_sdfweighted__HEADS_4__TIMESTEPS_56/lsm/19960425.npz with shape (128, 128)
2026-01-27 15:32:47 | INFO    | B2_local__32b6a904__20260127T134222Z | sbgm.evaluate.data_resolver | [EvalDataResolver] Loaded per-date land-sea mask from /Users/au728490/OneDrive - Aarhus universitet/PhD_AU/Python_Scripts/DiffusionModels/SBGM_SD/models_and_samples/generated_samples/generation/B2_local__HR_prcp_DANRA__SIZE_128x128__LR_temp_prcp_ERA5__LOSS_sdfweighted__HEADS_4__TIMESTEPS_56/lsm/19970301.npz with shape (128, 128)
2026-01-27 15:32:47 | INFO    | B2_local__32b6a904__20260127T134222Z | sbgm.evaluate.data_resolver | [EvalDataResolver] Loaded per-date land-sea mask from /Users/au728490/OneDrive - Aarhus universitet/PhD_AU/Python_Scripts/DiffusionModels/SBGM_SD/models_and_samples/generated_samples/generation/B2_local__HR_prcp_DANRA__SIZE_128x128__LR_temp_prcp_ERA5__LOSS_sdfweighted__HEADS_4__TIMESTEPS_56/lsm/19970917.npz with shape (128, 128)
2026-01-27 15:32:47 | INFO    | B2_local__32b6a904__20260127T134222Z | sbgm.evaluate.data_resolver | [EvalDataResolver] Loaded per-date land-sea mask from /Users/au728490/OneDrive - Aarhus universitet/PhD_AU/Python_Scripts/DiffusionModels/SBGM_SD/models_and_samples/generated_samples/generation/B2_local__HR_prcp_DANRA__SIZE_128x128__LR_temp_prcp_ERA5__LOSS_sdfweighted__HEADS_4__TIMESTEPS_56/lsm/19980422.npz with shape (128, 128)
2026-01-27 15:32:47 | INFO    | B2_local__32b6a904__20260127T134222Z | sbgm.evaluate.data_resolver | [EvalDataResolver] Loaded per-date land-sea mask from /Users/au728490/OneDrive - Aarhus universitet/PhD_AU/Python_Scripts/DiffusionModels/SBGM_SD/models_and_samples/generated_samples/generation/B2_local__HR_prcp_DANRA__SIZE_128x128__LR_temp_prcp_ERA5__LOSS_sdfweighted__HEADS_4__TIMESTEPS_56/lsm/19980818.npz with shape (128, 128)
2026-01-27 15:32:47 | INFO    | B2_local__32b6a904__20260127T134222Z | sbgm.evaluate.data_resolver | [EvalDataResolver] Loaded per-date land-sea mask from /Users/au728490/OneDrive - Aarhus universitet/PhD_AU/Python_Scripts/DiffusionModels/SBGM_SD/models_and_samples/generated_samples/generation/B2_local__HR_prcp_DANRA__SIZE_128x128__LR_temp_prcp_ERA5__LOSS_sdfweighted__HEADS_4__TIMESTEPS_56/lsm/20030109.npz with shape (128, 128)
2026-01-27 15:32:47 | INFO    | B2_local__32b6a904__20260127T134222Z | sbgm.evaluate.data_resolver | [EvalDataResolver] Loaded per-date land-sea mask from /Users/au728490/OneDrive - Aarhus universitet/PhD_AU/Python_Scripts/DiffusionModels/SBGM_SD/models_and_samples/generated_samples/generation/B2_local__HR_prcp_DANRA__SIZE_128x128__LR_temp_prcp_ERA5__LOSS_sdfweighted__HEADS_4__TIMESTEPS_56/lsm/20030312.npz with shape (128, 128)
2026-01-27 15:32:47 | INFO    | B2_local__32b6a904__20260127T134222Z | sbgm.evaluate.data_resolver | [EvalDataResolver] Loaded per-date land-sea mask from /Users/au728490/OneDrive - Aarhus universitet/PhD_AU/Python_Scripts/DiffusionModels/SBGM_SD/models_and_samples/generated_samples/generation/B2_local__HR_prcp_DANRA__SIZE_128x128__LR_temp_prcp_ERA5__LOSS_sdfweighted__HEADS_4__TIMESTEPS_56/lsm/20030531.npz with shape (128, 128)
2026-01-27 15:32:47 | INFO    | B2_local__32b6a904__20260127T134222Z | sbgm.evaluate.data_resolver | [EvalDataResolver] Loaded per-date land-sea mask from /Users/au728490/OneDrive - Aarhus universitet/PhD_AU/Python_Scripts/DiffusionModels/SBGM_SD/models_and_samples/generated_samples/generation/B2_local__HR_prcp_DANRA__SIZE_128x128__LR_temp_prcp_ERA5__LOSS_sdfweighted__HEADS_4__TIMESTEPS_56/lsm/20050807.npz with shape (128, 128)
2026-01-27 15:32:47 | INFO    | B2_local__32b6a904__20260127T134222Z | sbgm.evaluate.data_resolver | [EvalDataResolver] Loaded per-date land-sea mask from /Users/au728490/OneDrive - Aarhus universitet/PhD_AU/Python_Scripts/DiffusionModels/SBGM_SD/models_and_samples/generated_samples/generation/B2_local__HR_prcp_DANRA__SIZE_128x128__LR_temp_prcp_ERA5__LOSS_sdfweighted__HEADS_4__TIMESTEPS_56/lsm/20081111.npz with shape (128, 128)
2026-01-27 15:32:47 | INFO    | B2_local__32b6a904__20260127T134222Z | sbgm.evaluate.data_resolver | [EvalDataResolver] Loaded per-date land-sea mask from /Users/au728490/OneDrive - Aarhus universitet/PhD_AU/Python_Scripts/DiffusionModels/SBGM_SD/models_and_samples/generated_samples/generation/B2_local__HR_prcp_DANRA__SIZE_128x128__LR_temp_prcp_ERA5__LOSS_sdfweighted__HEADS_4__TIMESTEPS_56/lsm/20180107.npz with shape (128, 128)
2026-01-27 15:32:47 | INFO    | B2_local__32b6a904__20260127T134222Z | sbgm.evaluate.data_resolver | [EvalDataResolver] Loaded per-date land-sea mask from /Users/au728490/OneDrive - Aarhus universitet/PhD_AU/Python_Scripts/DiffusionModels/SBGM_SD/models_and_samples/generated_samples/generation/B2_local__HR_prcp_DANRA__SIZE_128x128__LR_temp_prcp_ERA5__LOSS_sdfweighted__HEADS_4__TIMESTEPS_56/lsm/20180307.npz with shape (128, 128)
2026-01-27 15:32:47 | INFO    | B2_local__32b6a904__20260127T134222Z | sbgm.evaluate.evaluate_prcp.eval_distributions.plot_distributions | [plot_distributional] Tail inset skipped: Using relative units for width or height requires to provide a 4-tuple or a `Bbox` instance to `bbox_to_anchor.
2026-01-27 15:32:49 | INFO    | B2_local__32b6a904__20260127T134222Z | sbgm.evaluate.evaluate_prcp.eval_distributions.evaluate_distributions | [eval_distributional] Plots saved to /Users/au728490/OneDrive - Aarhus universitet/PhD_AU/Python_Scripts/DiffusionModels/SBGM_SD/models_and_samples/generated_samples/evaluation/B2_local__HR_prcp_DANRA__SIZE_128x128__LR_temp_prcp_ERA5__LOSS_sdfweighted__HEADS_4__TIMESTEPS_56/prcp/distributional/figures
2026-01-27 15:32:49 | INFO    | B2_local__32b6a904__20260127T134222Z | sbgm.evaluate.evaluation | [EvaluationRunner] Dispatching task: 'prcp_spatial' (normalized: 'prcp_spatial')
2026-01-27 15:32:49 | INFO    | B2_local__32b6a904__20260127T134222Z | sbgm.evaluate.evaluation | [EvaluationRunner] Running task 'prcp_spatial' -> /Users/au728490/OneDrive - Aarhus universitet/PhD_AU/Python_Scripts/DiffusionModels/SBGM_SD/models_and_samples/generated_samples/evaluation/B2_local__HR_prcp_DANRA__SIZE_128x128__LR_temp_prcp_ERA5__LOSS_sdfweighted__HEADS_4__TIMESTEPS_56/prcp/spatial
2026-01-27 15:32:49 | INFO    | B2_local__32b6a904__20260127T134222Z | sbgm.evaluate.data_resolver | [EvalDataResolver] Found 15 dates in PMM folder: /Users/au728490/OneDrive - Aarhus universitet/PhD_AU/Python_Scripts/DiffusionModels/SBGM_SD/models_and_samples/generated_samples/generation/B2_local__HR_prcp_DANRA__SIZE_128x128__LR_temp_prcp_ERA5__LOSS_sdfweighted__HEADS_4__TIMESTEPS_56/pmm_phys
2026-01-27 15:32:49 | INFO    | B2_local__32b6a904__20260127T134222Z | sbgm.evaluate.evaluate_prcp.eval_spatial.evaluate_spatial | [spatial] Groups: 1991(1), 1993(1), 1994(1), 1996(1), 1997(2), 1998(2), 2003(3), 2005(1), 2008(1), 2018(2)
2026-01-27 15:32:49 | INFO    | B2_local__32b6a904__20260127T134222Z | sbgm.evaluate.data_resolver | [EvalDataResolver] Loaded per-date land-sea mask from /Users/au728490/OneDrive - Aarhus universitet/PhD_AU/Python_Scripts/DiffusionModels/SBGM_SD/models_and_samples/generated_samples/generation/B2_local__HR_prcp_DANRA__SIZE_128x128__LR_temp_prcp_ERA5__LOSS_sdfweighted__HEADS_4__TIMESTEPS_56/lsm/19910813.npz with shape (128, 128)
2026-01-27 15:32:49 | WARNING | B2_local__32b6a904__20260127T134222Z | py.warnings | /Users/au728490/opt/anaconda3/envs/torch/lib/python3.11/site-packages/numpy/lib/nanfunctions.py:1563: RuntimeWarning: All-NaN slice encountered
  return function_base._ureduce(a,

2026-01-27 15:32:49 | INFO    | B2_local__32b6a904__20260127T134222Z | sbgm.evaluate.data_resolver | [EvalDataResolver] Loaded per-date land-sea mask from /Users/au728490/OneDrive - Aarhus universitet/PhD_AU/Python_Scripts/DiffusionModels/SBGM_SD/models_and_samples/generated_samples/generation/B2_local__HR_prcp_DANRA__SIZE_128x128__LR_temp_prcp_ERA5__LOSS_sdfweighted__HEADS_4__TIMESTEPS_56/lsm/19910813.npz with shape (128, 128)
2026-01-27 15:32:55 | INFO    | B2_local__32b6a904__20260127T134222Z | sbgm.evaluate.data_resolver | [EvalDataResolver] Loaded per-date land-sea mask from /Users/au728490/OneDrive - Aarhus universitet/PhD_AU/Python_Scripts/DiffusionModels/SBGM_SD/models_and_samples/generated_samples/generation/B2_local__HR_prcp_DANRA__SIZE_128x128__LR_temp_prcp_ERA5__LOSS_sdfweighted__HEADS_4__TIMESTEPS_56/lsm/19910813.npz with shape (128, 128)
2026-01-27 15:32:55 | INFO    | B2_local__32b6a904__20260127T134222Z | sbgm.evaluate.data_resolver | [EvalDataResolver] Loaded per-date land-sea mask from /Users/au728490/OneDrive - Aarhus universitet/PhD_AU/Python_Scripts/DiffusionModels/SBGM_SD/models_and_samples/generated_samples/generation/B2_local__HR_prcp_DANRA__SIZE_128x128__LR_temp_prcp_ERA5__LOSS_sdfweighted__HEADS_4__TIMESTEPS_56/lsm/19931215.npz with shape (128, 128)
2026-01-27 15:32:55 | INFO    | B2_local__32b6a904__20260127T134222Z | sbgm.evaluate.data_resolver | [EvalDataResolver] Loaded per-date land-sea mask from /Users/au728490/OneDrive - Aarhus universitet/PhD_AU/Python_Scripts/DiffusionModels/SBGM_SD/models_and_samples/generated_samples/generation/B2_local__HR_prcp_DANRA__SIZE_128x128__LR_temp_prcp_ERA5__LOSS_sdfweighted__HEADS_4__TIMESTEPS_56/lsm/19931215.npz with shape (128, 128)
2026-01-27 15:33:01 | INFO    | B2_local__32b6a904__20260127T134222Z | sbgm.evaluate.data_resolver | [EvalDataResolver] Loaded per-date land-sea mask from /Users/au728490/OneDrive - Aarhus universitet/PhD_AU/Python_Scripts/DiffusionModels/SBGM_SD/models_and_samples/generated_samples/generation/B2_local__HR_prcp_DANRA__SIZE_128x128__LR_temp_prcp_ERA5__LOSS_sdfweighted__HEADS_4__TIMESTEPS_56/lsm/19931215.npz with shape (128, 128)
2026-01-27 15:33:01 | INFO    | B2_local__32b6a904__20260127T134222Z | sbgm.evaluate.data_resolver | [EvalDataResolver] Loaded per-date land-sea mask from /Users/au728490/OneDrive - Aarhus universitet/PhD_AU/Python_Scripts/DiffusionModels/SBGM_SD/models_and_samples/generated_samples/generation/B2_local__HR_prcp_DANRA__SIZE_128x128__LR_temp_prcp_ERA5__LOSS_sdfweighted__HEADS_4__TIMESTEPS_56/lsm/19940831.npz with shape (128, 128)
2026-01-27 15:33:01 | INFO    | B2_local__32b6a904__20260127T134222Z | sbgm.evaluate.data_resolver | [EvalDataResolver] Loaded per-date land-sea mask from /Users/au728490/OneDrive - Aarhus universitet/PhD_AU/Python_Scripts/DiffusionModels/SBGM_SD/models_and_samples/generated_samples/generation/B2_local__HR_prcp_DANRA__SIZE_128x128__LR_temp_prcp_ERA5__LOSS_sdfweighted__HEADS_4__TIMESTEPS_56/lsm/19940831.npz with shape (128, 128)
2026-01-27 15:33:07 | INFO    | B2_local__32b6a904__20260127T134222Z | sbgm.evaluate.data_resolver | [EvalDataResolver] Loaded per-date land-sea mask from /Users/au728490/OneDrive - Aarhus universitet/PhD_AU/Python_Scripts/DiffusionModels/SBGM_SD/models_and_samples/generated_samples/generation/B2_local__HR_prcp_DANRA__SIZE_128x128__LR_temp_prcp_ERA5__LOSS_sdfweighted__HEADS_4__TIMESTEPS_56/lsm/19940831.npz with shape (128, 128)
2026-01-27 15:33:07 | INFO    | B2_local__32b6a904__20260127T134222Z | sbgm.evaluate.data_resolver | [EvalDataResolver] Loaded per-date land-sea mask from /Users/au728490/OneDrive - Aarhus universitet/PhD_AU/Python_Scripts/DiffusionModels/SBGM_SD/models_and_samples/generated_samples/generation/B2_local__HR_prcp_DANRA__SIZE_128x128__LR_temp_prcp_ERA5__LOSS_sdfweighted__HEADS_4__TIMESTEPS_56/lsm/19960425.npz with shape (128, 128)
2026-01-27 15:33:08 | INFO    | B2_local__32b6a904__20260127T134222Z | sbgm.evaluate.data_resolver | [EvalDataResolver] Loaded per-date land-sea mask from /Users/au728490/OneDrive - Aarhus universitet/PhD_AU/Python_Scripts/DiffusionModels/SBGM_SD/models_and_samples/generated_samples/generation/B2_local__HR_prcp_DANRA__SIZE_128x128__LR_temp_prcp_ERA5__LOSS_sdfweighted__HEADS_4__TIMESTEPS_56/lsm/19960425.npz with shape (128, 128)
2026-01-27 15:33:13 | INFO    | B2_local__32b6a904__20260127T134222Z | sbgm.evaluate.data_resolver | [EvalDataResolver] Loaded per-date land-sea mask from /Users/au728490/OneDrive - Aarhus universitet/PhD_AU/Python_Scripts/DiffusionModels/SBGM_SD/models_and_samples/generated_samples/generation/B2_local__HR_prcp_DANRA__SIZE_128x128__LR_temp_prcp_ERA5__LOSS_sdfweighted__HEADS_4__TIMESTEPS_56/lsm/19960425.npz with shape (128, 128)
2026-01-27 15:33:14 | INFO    | B2_local__32b6a904__20260127T134222Z | sbgm.evaluate.data_resolver | [EvalDataResolver] Loaded per-date land-sea mask from /Users/au728490/OneDrive - Aarhus universitet/PhD_AU/Python_Scripts/DiffusionModels/SBGM_SD/models_and_samples/generated_samples/generation/B2_local__HR_prcp_DANRA__SIZE_128x128__LR_temp_prcp_ERA5__LOSS_sdfweighted__HEADS_4__TIMESTEPS_56/lsm/19970301.npz with shape (128, 128)
2026-01-27 15:33:14 | INFO    | B2_local__32b6a904__20260127T134222Z | sbgm.evaluate.data_resolver | [EvalDataResolver] Loaded per-date land-sea mask from /Users/au728490/OneDrive - Aarhus universitet/PhD_AU/Python_Scripts/DiffusionModels/SBGM_SD/models_and_samples/generated_samples/generation/B2_local__HR_prcp_DANRA__SIZE_128x128__LR_temp_prcp_ERA5__LOSS_sdfweighted__HEADS_4__TIMESTEPS_56/lsm/19970917.npz with shape (128, 128)
2026-01-27 15:33:14 | INFO    | B2_local__32b6a904__20260127T134222Z | sbgm.evaluate.data_resolver | [EvalDataResolver] Loaded per-date land-sea mask from /Users/au728490/OneDrive - Aarhus universitet/PhD_AU/Python_Scripts/DiffusionModels/SBGM_SD/models_and_samples/generated_samples/generation/B2_local__HR_prcp_DANRA__SIZE_128x128__LR_temp_prcp_ERA5__LOSS_sdfweighted__HEADS_4__TIMESTEPS_56/lsm/19970301.npz with shape (128, 128)
2026-01-27 15:33:14 | INFO    | B2_local__32b6a904__20260127T134222Z | sbgm.evaluate.data_resolver | [EvalDataResolver] Loaded per-date land-sea mask from /Users/au728490/OneDrive - Aarhus universitet/PhD_AU/Python_Scripts/DiffusionModels/SBGM_SD/models_and_samples/generated_samples/generation/B2_local__HR_prcp_DANRA__SIZE_128x128__LR_temp_prcp_ERA5__LOSS_sdfweighted__HEADS_4__TIMESTEPS_56/lsm/19970917.npz with shape (128, 128)
2026-01-27 15:33:20 | INFO    | B2_local__32b6a904__20260127T134222Z | sbgm.evaluate.data_resolver | [EvalDataResolver] Loaded per-date land-sea mask from /Users/au728490/OneDrive - Aarhus universitet/PhD_AU/Python_Scripts/DiffusionModels/SBGM_SD/models_and_samples/generated_samples/generation/B2_local__HR_prcp_DANRA__SIZE_128x128__LR_temp_prcp_ERA5__LOSS_sdfweighted__HEADS_4__TIMESTEPS_56/lsm/19970301.npz with shape (128, 128)
2026-01-27 15:33:20 | INFO    | B2_local__32b6a904__20260127T134222Z | sbgm.evaluate.data_resolver | [EvalDataResolver] Loaded per-date land-sea mask from /Users/au728490/OneDrive - Aarhus universitet/PhD_AU/Python_Scripts/DiffusionModels/SBGM_SD/models_and_samples/generated_samples/generation/B2_local__HR_prcp_DANRA__SIZE_128x128__LR_temp_prcp_ERA5__LOSS_sdfweighted__HEADS_4__TIMESTEPS_56/lsm/19970917.npz with shape (128, 128)
2026-01-27 15:33:20 | INFO    | B2_local__32b6a904__20260127T134222Z | sbgm.evaluate.data_resolver | [EvalDataResolver] Loaded per-date land-sea mask from /Users/au728490/OneDrive - Aarhus universitet/PhD_AU/Python_Scripts/DiffusionModels/SBGM_SD/models_and_samples/generated_samples/generation/B2_local__HR_prcp_DANRA__SIZE_128x128__LR_temp_prcp_ERA5__LOSS_sdfweighted__HEADS_4__TIMESTEPS_56/lsm/19980422.npz with shape (128, 128)
2026-01-27 15:33:20 | INFO    | B2_local__32b6a904__20260127T134222Z | sbgm.evaluate.data_resolver | [EvalDataResolver] Loaded per-date land-sea mask from /Users/au728490/OneDrive - Aarhus universitet/PhD_AU/Python_Scripts/DiffusionModels/SBGM_SD/models_and_samples/generated_samples/generation/B2_local__HR_prcp_DANRA__SIZE_128x128__LR_temp_prcp_ERA5__LOSS_sdfweighted__HEADS_4__TIMESTEPS_56/lsm/19980818.npz with shape (128, 128)
2026-01-27 15:33:20 | INFO    | B2_local__32b6a904__20260127T134222Z | sbgm.evaluate.data_resolver | [EvalDataResolver] Loaded per-date land-sea mask from /Users/au728490/OneDrive - Aarhus universitet/PhD_AU/Python_Scripts/DiffusionModels/SBGM_SD/models_and_samples/generated_samples/generation/B2_local__HR_prcp_DANRA__SIZE_128x128__LR_temp_prcp_ERA5__LOSS_sdfweighted__HEADS_4__TIMESTEPS_56/lsm/19980422.npz with shape (128, 128)
2026-01-27 15:33:20 | INFO    | B2_local__32b6a904__20260127T134222Z | sbgm.evaluate.data_resolver | [EvalDataResolver] Loaded per-date land-sea mask from /Users/au728490/OneDrive - Aarhus universitet/PhD_AU/Python_Scripts/DiffusionModels/SBGM_SD/models_and_samples/generated_samples/generation/B2_local__HR_prcp_DANRA__SIZE_128x128__LR_temp_prcp_ERA5__LOSS_sdfweighted__HEADS_4__TIMESTEPS_56/lsm/19980818.npz with shape (128, 128)
2026-01-27 15:33:26 | INFO    | B2_local__32b6a904__20260127T134222Z | sbgm.evaluate.data_resolver | [EvalDataResolver] Loaded per-date land-sea mask from /Users/au728490/OneDrive - Aarhus universitet/PhD_AU/Python_Scripts/DiffusionModels/SBGM_SD/models_and_samples/generated_samples/generation/B2_local__HR_prcp_DANRA__SIZE_128x128__LR_temp_prcp_ERA5__LOSS_sdfweighted__HEADS_4__TIMESTEPS_56/lsm/19980422.npz with shape (128, 128)
2026-01-27 15:33:26 | INFO    | B2_local__32b6a904__20260127T134222Z | sbgm.evaluate.data_resolver | [EvalDataResolver] Loaded per-date land-sea mask from /Users/au728490/OneDrive - Aarhus universitet/PhD_AU/Python_Scripts/DiffusionModels/SBGM_SD/models_and_samples/generated_samples/generation/B2_local__HR_prcp_DANRA__SIZE_128x128__LR_temp_prcp_ERA5__LOSS_sdfweighted__HEADS_4__TIMESTEPS_56/lsm/19980818.npz with shape (128, 128)
2026-01-27 15:33:26 | INFO    | B2_local__32b6a904__20260127T134222Z | sbgm.evaluate.data_resolver | [EvalDataResolver] Loaded per-date land-sea mask from /Users/au728490/OneDrive - Aarhus universitet/PhD_AU/Python_Scripts/DiffusionModels/SBGM_SD/models_and_samples/generated_samples/generation/B2_local__HR_prcp_DANRA__SIZE_128x128__LR_temp_prcp_ERA5__LOSS_sdfweighted__HEADS_4__TIMESTEPS_56/lsm/20030109.npz with shape (128, 128)
2026-01-27 15:33:26 | INFO    | B2_local__32b6a904__20260127T134222Z | sbgm.evaluate.data_resolver | [EvalDataResolver] Loaded per-date land-sea mask from /Users/au728490/OneDrive - Aarhus universitet/PhD_AU/Python_Scripts/DiffusionModels/SBGM_SD/models_and_samples/generated_samples/generation/B2_local__HR_prcp_DANRA__SIZE_128x128__LR_temp_prcp_ERA5__LOSS_sdfweighted__HEADS_4__TIMESTEPS_56/lsm/20030312.npz with shape (128, 128)
2026-01-27 15:33:26 | INFO    | B2_local__32b6a904__20260127T134222Z | sbgm.evaluate.data_resolver | [EvalDataResolver] Loaded per-date land-sea mask from /Users/au728490/OneDrive - Aarhus universitet/PhD_AU/Python_Scripts/DiffusionModels/SBGM_SD/models_and_samples/generated_samples/generation/B2_local__HR_prcp_DANRA__SIZE_128x128__LR_temp_prcp_ERA5__LOSS_sdfweighted__HEADS_4__TIMESTEPS_56/lsm/20030531.npz with shape (128, 128)
2026-01-27 15:33:26 | INFO    | B2_local__32b6a904__20260127T134222Z | sbgm.evaluate.data_resolver | [EvalDataResolver] Loaded per-date land-sea mask from /Users/au728490/OneDrive - Aarhus universitet/PhD_AU/Python_Scripts/DiffusionModels/SBGM_SD/models_and_samples/generated_samples/generation/B2_local__HR_prcp_DANRA__SIZE_128x128__LR_temp_prcp_ERA5__LOSS_sdfweighted__HEADS_4__TIMESTEPS_56/lsm/20030109.npz with shape (128, 128)
2026-01-27 15:33:26 | INFO    | B2_local__32b6a904__20260127T134222Z | sbgm.evaluate.data_resolver | [EvalDataResolver] Loaded per-date land-sea mask from /Users/au728490/OneDrive - Aarhus universitet/PhD_AU/Python_Scripts/DiffusionModels/SBGM_SD/models_and_samples/generated_samples/generation/B2_local__HR_prcp_DANRA__SIZE_128x128__LR_temp_prcp_ERA5__LOSS_sdfweighted__HEADS_4__TIMESTEPS_56/lsm/20030312.npz with shape (128, 128)
2026-01-27 15:33:26 | INFO    | B2_local__32b6a904__20260127T134222Z | sbgm.evaluate.data_resolver | [EvalDataResolver] Loaded per-date land-sea mask from /Users/au728490/OneDrive - Aarhus universitet/PhD_AU/Python_Scripts/DiffusionModels/SBGM_SD/models_and_samples/generated_samples/generation/B2_local__HR_prcp_DANRA__SIZE_128x128__LR_temp_prcp_ERA5__LOSS_sdfweighted__HEADS_4__TIMESTEPS_56/lsm/20030531.npz with shape (128, 128)
2026-01-27 15:33:32 | INFO    | B2_local__32b6a904__20260127T134222Z | sbgm.evaluate.data_resolver | [EvalDataResolver] Loaded per-date land-sea mask from /Users/au728490/OneDrive - Aarhus universitet/PhD_AU/Python_Scripts/DiffusionModels/SBGM_SD/models_and_samples/generated_samples/generation/B2_local__HR_prcp_DANRA__SIZE_128x128__LR_temp_prcp_ERA5__LOSS_sdfweighted__HEADS_4__TIMESTEPS_56/lsm/20030109.npz with shape (128, 128)
2026-01-27 15:33:32 | INFO    | B2_local__32b6a904__20260127T134222Z | sbgm.evaluate.data_resolver | [EvalDataResolver] Loaded per-date land-sea mask from /Users/au728490/OneDrive - Aarhus universitet/PhD_AU/Python_Scripts/DiffusionModels/SBGM_SD/models_and_samples/generated_samples/generation/B2_local__HR_prcp_DANRA__SIZE_128x128__LR_temp_prcp_ERA5__LOSS_sdfweighted__HEADS_4__TIMESTEPS_56/lsm/20030312.npz with shape (128, 128)
2026-01-27 15:33:32 | INFO    | B2_local__32b6a904__20260127T134222Z | sbgm.evaluate.data_resolver | [EvalDataResolver] Loaded per-date land-sea mask from /Users/au728490/OneDrive - Aarhus universitet/PhD_AU/Python_Scripts/DiffusionModels/SBGM_SD/models_and_samples/generated_samples/generation/B2_local__HR_prcp_DANRA__SIZE_128x128__LR_temp_prcp_ERA5__LOSS_sdfweighted__HEADS_4__TIMESTEPS_56/lsm/20030531.npz with shape (128, 128)
2026-01-27 15:33:33 | INFO    | B2_local__32b6a904__20260127T134222Z | sbgm.evaluate.data_resolver | [EvalDataResolver] Loaded per-date land-sea mask from /Users/au728490/OneDrive - Aarhus universitet/PhD_AU/Python_Scripts/DiffusionModels/SBGM_SD/models_and_samples/generated_samples/generation/B2_local__HR_prcp_DANRA__SIZE_128x128__LR_temp_prcp_ERA5__LOSS_sdfweighted__HEADS_4__TIMESTEPS_56/lsm/20050807.npz with shape (128, 128)
2026-01-27 15:33:33 | INFO    | B2_local__32b6a904__20260127T134222Z | sbgm.evaluate.data_resolver | [EvalDataResolver] Loaded per-date land-sea mask from /Users/au728490/OneDrive - Aarhus universitet/PhD_AU/Python_Scripts/DiffusionModels/SBGM_SD/models_and_samples/generated_samples/generation/B2_local__HR_prcp_DANRA__SIZE_128x128__LR_temp_prcp_ERA5__LOSS_sdfweighted__HEADS_4__TIMESTEPS_56/lsm/20050807.npz with shape (128, 128)
2026-01-27 15:33:39 | INFO    | B2_local__32b6a904__20260127T134222Z | sbgm.evaluate.data_resolver | [EvalDataResolver] Loaded per-date land-sea mask from /Users/au728490/OneDrive - Aarhus universitet/PhD_AU/Python_Scripts/DiffusionModels/SBGM_SD/models_and_samples/generated_samples/generation/B2_local__HR_prcp_DANRA__SIZE_128x128__LR_temp_prcp_ERA5__LOSS_sdfweighted__HEADS_4__TIMESTEPS_56/lsm/20050807.npz with shape (128, 128)
2026-01-27 15:33:39 | INFO    | B2_local__32b6a904__20260127T134222Z | sbgm.evaluate.data_resolver | [EvalDataResolver] Loaded per-date land-sea mask from /Users/au728490/OneDrive - Aarhus universitet/PhD_AU/Python_Scripts/DiffusionModels/SBGM_SD/models_and_samples/generated_samples/generation/B2_local__HR_prcp_DANRA__SIZE_128x128__LR_temp_prcp_ERA5__LOSS_sdfweighted__HEADS_4__TIMESTEPS_56/lsm/20081111.npz with shape (128, 128)
2026-01-27 15:33:39 | INFO    | B2_local__32b6a904__20260127T134222Z | sbgm.evaluate.data_resolver | [EvalDataResolver] Loaded per-date land-sea mask from /Users/au728490/OneDrive - Aarhus universitet/PhD_AU/Python_Scripts/DiffusionModels/SBGM_SD/models_and_samples/generated_samples/generation/B2_local__HR_prcp_DANRA__SIZE_128x128__LR_temp_prcp_ERA5__LOSS_sdfweighted__HEADS_4__TIMESTEPS_56/lsm/20081111.npz with shape (128, 128)
2026-01-27 15:33:45 | INFO    | B2_local__32b6a904__20260127T134222Z | sbgm.evaluate.data_resolver | [EvalDataResolver] Loaded per-date land-sea mask from /Users/au728490/OneDrive - Aarhus universitet/PhD_AU/Python_Scripts/DiffusionModels/SBGM_SD/models_and_samples/generated_samples/generation/B2_local__HR_prcp_DANRA__SIZE_128x128__LR_temp_prcp_ERA5__LOSS_sdfweighted__HEADS_4__TIMESTEPS_56/lsm/20081111.npz with shape (128, 128)
2026-01-27 15:33:45 | INFO    | B2_local__32b6a904__20260127T134222Z | sbgm.evaluate.data_resolver | [EvalDataResolver] Loaded per-date land-sea mask from /Users/au728490/OneDrive - Aarhus universitet/PhD_AU/Python_Scripts/DiffusionModels/SBGM_SD/models_and_samples/generated_samples/generation/B2_local__HR_prcp_DANRA__SIZE_128x128__LR_temp_prcp_ERA5__LOSS_sdfweighted__HEADS_4__TIMESTEPS_56/lsm/20180107.npz with shape (128, 128)
2026-01-27 15:33:45 | INFO    | B2_local__32b6a904__20260127T134222Z | sbgm.evaluate.data_resolver | [EvalDataResolver] Loaded per-date land-sea mask from /Users/au728490/OneDrive - Aarhus universitet/PhD_AU/Python_Scripts/DiffusionModels/SBGM_SD/models_and_samples/generated_samples/generation/B2_local__HR_prcp_DANRA__SIZE_128x128__LR_temp_prcp_ERA5__LOSS_sdfweighted__HEADS_4__TIMESTEPS_56/lsm/20180307.npz with shape (128, 128)
2026-01-27 15:33:45 | INFO    | B2_local__32b6a904__20260127T134222Z | sbgm.evaluate.data_resolver | [EvalDataResolver] Loaded per-date land-sea mask from /Users/au728490/OneDrive - Aarhus universitet/PhD_AU/Python_Scripts/DiffusionModels/SBGM_SD/models_and_samples/generated_samples/generation/B2_local__HR_prcp_DANRA__SIZE_128x128__LR_temp_prcp_ERA5__LOSS_sdfweighted__HEADS_4__TIMESTEPS_56/lsm/20180107.npz with shape (128, 128)
2026-01-27 15:33:45 | INFO    | B2_local__32b6a904__20260127T134222Z | sbgm.evaluate.data_resolver | [EvalDataResolver] Loaded per-date land-sea mask from /Users/au728490/OneDrive - Aarhus universitet/PhD_AU/Python_Scripts/DiffusionModels/SBGM_SD/models_and_samples/generated_samples/generation/B2_local__HR_prcp_DANRA__SIZE_128x128__LR_temp_prcp_ERA5__LOSS_sdfweighted__HEADS_4__TIMESTEPS_56/lsm/20180307.npz with shape (128, 128)
2026-01-27 15:33:51 | INFO    | B2_local__32b6a904__20260127T134222Z | sbgm.evaluate.data_resolver | [EvalDataResolver] Loaded per-date land-sea mask from /Users/au728490/OneDrive - Aarhus universitet/PhD_AU/Python_Scripts/DiffusionModels/SBGM_SD/models_and_samples/generated_samples/generation/B2_local__HR_prcp_DANRA__SIZE_128x128__LR_temp_prcp_ERA5__LOSS_sdfweighted__HEADS_4__TIMESTEPS_56/lsm/20180107.npz with shape (128, 128)
2026-01-27 15:33:51 | INFO    | B2_local__32b6a904__20260127T134222Z | sbgm.evaluate.data_resolver | [EvalDataResolver] Loaded per-date land-sea mask from /Users/au728490/OneDrive - Aarhus universitet/PhD_AU/Python_Scripts/DiffusionModels/SBGM_SD/models_and_samples/generated_samples/generation/B2_local__HR_prcp_DANRA__SIZE_128x128__LR_temp_prcp_ERA5__LOSS_sdfweighted__HEADS_4__TIMESTEPS_56/lsm/20180307.npz with shape (128, 128)
2026-01-27 15:33:52 | INFO    | B2_local__32b6a904__20260127T134222Z | sbgm.evaluate.evaluate_prcp.plot_utils | [DEBUG] Loading DK LSM outline from /scratch/project_465001695/quistgaa/Data/Data_DiffMod/data_lsm/truth_fullDomain/lsm_full.npz
2026-01-27 15:33:52 | WARNING | B2_local__32b6a904__20260127T134222Z | sbgm.evaluate.evaluate_prcp.plot_utils | [DEBUG] DK LSM outline file not found: /scratch/project_465001695/quistgaa/Data/Data_DiffMod/data_lsm/truth_fullDomain/lsm_full.npz
2026-01-27 15:34:52 | INFO    | B2_local__32b6a904__20260127T134222Z | sbgm.evaluate.evaluate_prcp.eval_spatial.evaluate_spatial | [spatial] Plots saved to /Users/au728490/OneDrive - Aarhus universitet/PhD_AU/Python_Scripts/DiffusionModels/SBGM_SD/models_and_samples/generated_samples/evaluation/B2_local__HR_prcp_DANRA__SIZE_128x128__LR_temp_prcp_ERA5__LOSS_sdfweighted__HEADS_4__TIMESTEPS_56/prcp/spatial/figures
2026-01-27 15:34:52 | INFO    | B2_local__32b6a904__20260127T134222Z | sbgm.evaluate.evaluation | [EvaluationRunner] Dispatching task: 'prcp_temporal' (normalized: 'prcp_temporal')
2026-01-27 15:34:52 | INFO    | B2_local__32b6a904__20260127T134222Z | sbgm.evaluate.evaluation | [EvaluationRunner] Running task 'prcp_temporal' -> /Users/au728490/OneDrive - Aarhus universitet/PhD_AU/Python_Scripts/DiffusionModels/SBGM_SD/models_and_samples/generated_samples/evaluation/B2_local__HR_prcp_DANRA__SIZE_128x128__LR_temp_prcp_ERA5__LOSS_sdfweighted__HEADS_4__TIMESTEPS_56/prcp/temporal
2026-01-27 15:34:52 | INFO    | B2_local__32b6a904__20260127T134222Z | sbgm.evaluate.data_resolver | [EvalDataResolver] Found 15 dates in PMM folder: /Users/au728490/OneDrive - Aarhus universitet/PhD_AU/Python_Scripts/DiffusionModels/SBGM_SD/models_and_samples/generated_samples/generation/B2_local__HR_prcp_DANRA__SIZE_128x128__LR_temp_prcp_ERA5__LOSS_sdfweighted__HEADS_4__TIMESTEPS_56/pmm_phys
2026-01-27 15:34:52 | INFO    | B2_local__32b6a904__20260127T134222Z | sbgm.evaluate.data_resolver | [EvalDataResolver] Loaded per-date land-sea mask from /Users/au728490/OneDrive - Aarhus universitet/PhD_AU/Python_Scripts/DiffusionModels/SBGM_SD/models_and_samples/generated_samples/generation/B2_local__HR_prcp_DANRA__SIZE_128x128__LR_temp_prcp_ERA5__LOSS_sdfweighted__HEADS_4__TIMESTEPS_56/lsm/19910813.npz with shape (128, 128)
2026-01-27 15:34:52 | INFO    | B2_local__32b6a904__20260127T134222Z | sbgm.evaluate.data_resolver | [EvalDataResolver] Loaded per-date land-sea mask from /Users/au728490/OneDrive - Aarhus universitet/PhD_AU/Python_Scripts/DiffusionModels/SBGM_SD/models_and_samples/generated_samples/generation/B2_local__HR_prcp_DANRA__SIZE_128x128__LR_temp_prcp_ERA5__LOSS_sdfweighted__HEADS_4__TIMESTEPS_56/lsm/19910813.npz with shape (128, 128)
2026-01-27 15:34:53 | WARNING | B2_local__32b6a904__20260127T134222Z | py.warnings | /Users/au728490/Library/CloudStorage/OneDrive-Aarhusuniversitet/PhD_AU/Python_Scripts/DiffusionModels/SBGM_SD/sbgm/evaluate/evaluate_prcp/eval_temporal/metrics_temporal.py:214: RuntimeWarning: Mean of empty slice
  return np.nanmean(ac_all, axis=0)

2026-01-27 15:34:53 | WARNING | B2_local__32b6a904__20260127T134222Z | py.warnings | /Users/au728490/Library/CloudStorage/OneDrive-Aarhusuniversitet/PhD_AU/Python_Scripts/DiffusionModels/SBGM_SD/sbgm/evaluate/evaluate_prcp/eval_temporal/metrics_temporal.py:327: RuntimeWarning: Mean of empty slice
  dry_pmf = np.nanmean(np.asarray(dry_pmfs), axis=0)

2026-01-27 15:34:53 | INFO    | B2_local__32b6a904__20260127T134222Z | sbgm.evaluate.data_resolver | [EvalDataResolver] Loaded per-date land-sea mask from /Users/au728490/OneDrive - Aarhus universitet/PhD_AU/Python_Scripts/DiffusionModels/SBGM_SD/models_and_samples/generated_samples/generation/B2_local__HR_prcp_DANRA__SIZE_128x128__LR_temp_prcp_ERA5__LOSS_sdfweighted__HEADS_4__TIMESTEPS_56/lsm/19931215.npz with shape (128, 128)
2026-01-27 15:34:53 | INFO    | B2_local__32b6a904__20260127T134222Z | sbgm.evaluate.data_resolver | [EvalDataResolver] Loaded per-date land-sea mask from /Users/au728490/OneDrive - Aarhus universitet/PhD_AU/Python_Scripts/DiffusionModels/SBGM_SD/models_and_samples/generated_samples/generation/B2_local__HR_prcp_DANRA__SIZE_128x128__LR_temp_prcp_ERA5__LOSS_sdfweighted__HEADS_4__TIMESTEPS_56/lsm/19931215.npz with shape (128, 128)
2026-01-27 15:34:54 | INFO    | B2_local__32b6a904__20260127T134222Z | sbgm.evaluate.data_resolver | [EvalDataResolver] Loaded per-date land-sea mask from /Users/au728490/OneDrive - Aarhus universitet/PhD_AU/Python_Scripts/DiffusionModels/SBGM_SD/models_and_samples/generated_samples/generation/B2_local__HR_prcp_DANRA__SIZE_128x128__LR_temp_prcp_ERA5__LOSS_sdfweighted__HEADS_4__TIMESTEPS_56/lsm/19940831.npz with shape (128, 128)
2026-01-27 15:34:54 | INFO    | B2_local__32b6a904__20260127T134222Z | sbgm.evaluate.data_resolver | [EvalDataResolver] Loaded per-date land-sea mask from /Users/au728490/OneDrive - Aarhus universitet/PhD_AU/Python_Scripts/DiffusionModels/SBGM_SD/models_and_samples/generated_samples/generation/B2_local__HR_prcp_DANRA__SIZE_128x128__LR_temp_prcp_ERA5__LOSS_sdfweighted__HEADS_4__TIMESTEPS_56/lsm/19940831.npz with shape (128, 128)
2026-01-27 15:34:54 | INFO    | B2_local__32b6a904__20260127T134222Z | sbgm.evaluate.data_resolver | [EvalDataResolver] Loaded per-date land-sea mask from /Users/au728490/OneDrive - Aarhus universitet/PhD_AU/Python_Scripts/DiffusionModels/SBGM_SD/models_and_samples/generated_samples/generation/B2_local__HR_prcp_DANRA__SIZE_128x128__LR_temp_prcp_ERA5__LOSS_sdfweighted__HEADS_4__TIMESTEPS_56/lsm/19960425.npz with shape (128, 128)
2026-01-27 15:34:54 | INFO    | B2_local__32b6a904__20260127T134222Z | sbgm.evaluate.data_resolver | [EvalDataResolver] Loaded per-date land-sea mask from /Users/au728490/OneDrive - Aarhus universitet/PhD_AU/Python_Scripts/DiffusionModels/SBGM_SD/models_and_samples/generated_samples/generation/B2_local__HR_prcp_DANRA__SIZE_128x128__LR_temp_prcp_ERA5__LOSS_sdfweighted__HEADS_4__TIMESTEPS_56/lsm/19960425.npz with shape (128, 128)
2026-01-27 15:34:55 | INFO    | B2_local__32b6a904__20260127T134222Z | sbgm.evaluate.data_resolver | [EvalDataResolver] Loaded per-date land-sea mask from /Users/au728490/OneDrive - Aarhus universitet/PhD_AU/Python_Scripts/DiffusionModels/SBGM_SD/models_and_samples/generated_samples/generation/B2_local__HR_prcp_DANRA__SIZE_128x128__LR_temp_prcp_ERA5__LOSS_sdfweighted__HEADS_4__TIMESTEPS_56/lsm/19970301.npz with shape (128, 128)
2026-01-27 15:34:55 | INFO    | B2_local__32b6a904__20260127T134222Z | sbgm.evaluate.data_resolver | [EvalDataResolver] Loaded per-date land-sea mask from /Users/au728490/OneDrive - Aarhus universitet/PhD_AU/Python_Scripts/DiffusionModels/SBGM_SD/models_and_samples/generated_samples/generation/B2_local__HR_prcp_DANRA__SIZE_128x128__LR_temp_prcp_ERA5__LOSS_sdfweighted__HEADS_4__TIMESTEPS_56/lsm/19970917.npz with shape (128, 128)
2026-01-27 15:34:55 | INFO    | B2_local__32b6a904__20260127T134222Z | sbgm.evaluate.data_resolver | [EvalDataResolver] Loaded per-date land-sea mask from /Users/au728490/OneDrive - Aarhus universitet/PhD_AU/Python_Scripts/DiffusionModels/SBGM_SD/models_and_samples/generated_samples/generation/B2_local__HR_prcp_DANRA__SIZE_128x128__LR_temp_prcp_ERA5__LOSS_sdfweighted__HEADS_4__TIMESTEPS_56/lsm/19970301.npz with shape (128, 128)
2026-01-27 15:34:55 | INFO    | B2_local__32b6a904__20260127T134222Z | sbgm.evaluate.data_resolver | [EvalDataResolver] Loaded per-date land-sea mask from /Users/au728490/OneDrive - Aarhus universitet/PhD_AU/Python_Scripts/DiffusionModels/SBGM_SD/models_and_samples/generated_samples/generation/B2_local__HR_prcp_DANRA__SIZE_128x128__LR_temp_prcp_ERA5__LOSS_sdfweighted__HEADS_4__TIMESTEPS_56/lsm/19970917.npz with shape (128, 128)
2026-01-27 15:34:55 | INFO    | B2_local__32b6a904__20260127T134222Z | sbgm.evaluate.data_resolver | [EvalDataResolver] Loaded per-date land-sea mask from /Users/au728490/OneDrive - Aarhus universitet/PhD_AU/Python_Scripts/DiffusionModels/SBGM_SD/models_and_samples/generated_samples/generation/B2_local__HR_prcp_DANRA__SIZE_128x128__LR_temp_prcp_ERA5__LOSS_sdfweighted__HEADS_4__TIMESTEPS_56/lsm/19980422.npz with shape (128, 128)
2026-01-27 15:34:55 | INFO    | B2_local__32b6a904__20260127T134222Z | sbgm.evaluate.data_resolver | [EvalDataResolver] Loaded per-date land-sea mask from /Users/au728490/OneDrive - Aarhus universitet/PhD_AU/Python_Scripts/DiffusionModels/SBGM_SD/models_and_samples/generated_samples/generation/B2_local__HR_prcp_DANRA__SIZE_128x128__LR_temp_prcp_ERA5__LOSS_sdfweighted__HEADS_4__TIMESTEPS_56/lsm/19980818.npz with shape (128, 128)
2026-01-27 15:34:55 | INFO    | B2_local__32b6a904__20260127T134222Z | sbgm.evaluate.data_resolver | [EvalDataResolver] Loaded per-date land-sea mask from /Users/au728490/OneDrive - Aarhus universitet/PhD_AU/Python_Scripts/DiffusionModels/SBGM_SD/models_and_samples/generated_samples/generation/B2_local__HR_prcp_DANRA__SIZE_128x128__LR_temp_prcp_ERA5__LOSS_sdfweighted__HEADS_4__TIMESTEPS_56/lsm/19980422.npz with shape (128, 128)
2026-01-27 15:34:55 | INFO    | B2_local__32b6a904__20260127T134222Z | sbgm.evaluate.data_resolver | [EvalDataResolver] Loaded per-date land-sea mask from /Users/au728490/OneDrive - Aarhus universitet/PhD_AU/Python_Scripts/DiffusionModels/SBGM_SD/models_and_samples/generated_samples/generation/B2_local__HR_prcp_DANRA__SIZE_128x128__LR_temp_prcp_ERA5__LOSS_sdfweighted__HEADS_4__TIMESTEPS_56/lsm/19980818.npz with shape (128, 128)
2026-01-27 15:34:56 | INFO    | B2_local__32b6a904__20260127T134222Z | sbgm.evaluate.data_resolver | [EvalDataResolver] Loaded per-date land-sea mask from /Users/au728490/OneDrive - Aarhus universitet/PhD_AU/Python_Scripts/DiffusionModels/SBGM_SD/models_and_samples/generated_samples/generation/B2_local__HR_prcp_DANRA__SIZE_128x128__LR_temp_prcp_ERA5__LOSS_sdfweighted__HEADS_4__TIMESTEPS_56/lsm/20030109.npz with shape (128, 128)
2026-01-27 15:34:56 | INFO    | B2_local__32b6a904__20260127T134222Z | sbgm.evaluate.data_resolver | [EvalDataResolver] Loaded per-date land-sea mask from /Users/au728490/OneDrive - Aarhus universitet/PhD_AU/Python_Scripts/DiffusionModels/SBGM_SD/models_and_samples/generated_samples/generation/B2_local__HR_prcp_DANRA__SIZE_128x128__LR_temp_prcp_ERA5__LOSS_sdfweighted__HEADS_4__TIMESTEPS_56/lsm/20030312.npz with shape (128, 128)
2026-01-27 15:34:56 | INFO    | B2_local__32b6a904__20260127T134222Z | sbgm.evaluate.data_resolver | [EvalDataResolver] Loaded per-date land-sea mask from /Users/au728490/OneDrive - Aarhus universitet/PhD_AU/Python_Scripts/DiffusionModels/SBGM_SD/models_and_samples/generated_samples/generation/B2_local__HR_prcp_DANRA__SIZE_128x128__LR_temp_prcp_ERA5__LOSS_sdfweighted__HEADS_4__TIMESTEPS_56/lsm/20030531.npz with shape (128, 128)
2026-01-27 15:34:56 | INFO    | B2_local__32b6a904__20260127T134222Z | sbgm.evaluate.data_resolver | [EvalDataResolver] Loaded per-date land-sea mask from /Users/au728490/OneDrive - Aarhus universitet/PhD_AU/Python_Scripts/DiffusionModels/SBGM_SD/models_and_samples/generated_samples/generation/B2_local__HR_prcp_DANRA__SIZE_128x128__LR_temp_prcp_ERA5__LOSS_sdfweighted__HEADS_4__TIMESTEPS_56/lsm/20030109.npz with shape (128, 128)
2026-01-27 15:34:56 | INFO    | B2_local__32b6a904__20260127T134222Z | sbgm.evaluate.data_resolver | [EvalDataResolver] Loaded per-date land-sea mask from /Users/au728490/OneDrive - Aarhus universitet/PhD_AU/Python_Scripts/DiffusionModels/SBGM_SD/models_and_samples/generated_samples/generation/B2_local__HR_prcp_DANRA__SIZE_128x128__LR_temp_prcp_ERA5__LOSS_sdfweighted__HEADS_4__TIMESTEPS_56/lsm/20030312.npz with shape (128, 128)
2026-01-27 15:34:56 | INFO    | B2_local__32b6a904__20260127T134222Z | sbgm.evaluate.data_resolver | [EvalDataResolver] Loaded per-date land-sea mask from /Users/au728490/OneDrive - Aarhus universitet/PhD_AU/Python_Scripts/DiffusionModels/SBGM_SD/models_and_samples/generated_samples/generation/B2_local__HR_prcp_DANRA__SIZE_128x128__LR_temp_prcp_ERA5__LOSS_sdfweighted__HEADS_4__TIMESTEPS_56/lsm/20030531.npz with shape (128, 128)
2026-01-27 15:34:57 | INFO    | B2_local__32b6a904__20260127T134222Z | sbgm.evaluate.data_resolver | [EvalDataResolver] Loaded per-date land-sea mask from /Users/au728490/OneDrive - Aarhus universitet/PhD_AU/Python_Scripts/DiffusionModels/SBGM_SD/models_and_samples/generated_samples/generation/B2_local__HR_prcp_DANRA__SIZE_128x128__LR_temp_prcp_ERA5__LOSS_sdfweighted__HEADS_4__TIMESTEPS_56/lsm/20050807.npz with shape (128, 128)
2026-01-27 15:34:57 | INFO    | B2_local__32b6a904__20260127T134222Z | sbgm.evaluate.data_resolver | [EvalDataResolver] Loaded per-date land-sea mask from /Users/au728490/OneDrive - Aarhus universitet/PhD_AU/Python_Scripts/DiffusionModels/SBGM_SD/models_and_samples/generated_samples/generation/B2_local__HR_prcp_DANRA__SIZE_128x128__LR_temp_prcp_ERA5__LOSS_sdfweighted__HEADS_4__TIMESTEPS_56/lsm/20050807.npz with shape (128, 128)
2026-01-27 15:34:57 | INFO    | B2_local__32b6a904__20260127T134222Z | sbgm.evaluate.data_resolver | [EvalDataResolver] Loaded per-date land-sea mask from /Users/au728490/OneDrive - Aarhus universitet/PhD_AU/Python_Scripts/DiffusionModels/SBGM_SD/models_and_samples/generated_samples/generation/B2_local__HR_prcp_DANRA__SIZE_128x128__LR_temp_prcp_ERA5__LOSS_sdfweighted__HEADS_4__TIMESTEPS_56/lsm/20081111.npz with shape (128, 128)
2026-01-27 15:34:57 | INFO    | B2_local__32b6a904__20260127T134222Z | sbgm.evaluate.data_resolver | [EvalDataResolver] Loaded per-date land-sea mask from /Users/au728490/OneDrive - Aarhus universitet/PhD_AU/Python_Scripts/DiffusionModels/SBGM_SD/models_and_samples/generated_samples/generation/B2_local__HR_prcp_DANRA__SIZE_128x128__LR_temp_prcp_ERA5__LOSS_sdfweighted__HEADS_4__TIMESTEPS_56/lsm/20081111.npz with shape (128, 128)
2026-01-27 15:34:58 | INFO    | B2_local__32b6a904__20260127T134222Z | sbgm.evaluate.data_resolver | [EvalDataResolver] Loaded per-date land-sea mask from /Users/au728490/OneDrive - Aarhus universitet/PhD_AU/Python_Scripts/DiffusionModels/SBGM_SD/models_and_samples/generated_samples/generation/B2_local__HR_prcp_DANRA__SIZE_128x128__LR_temp_prcp_ERA5__LOSS_sdfweighted__HEADS_4__TIMESTEPS_56/lsm/20180107.npz with shape (128, 128)
2026-01-27 15:34:58 | INFO    | B2_local__32b6a904__20260127T134222Z | sbgm.evaluate.data_resolver | [EvalDataResolver] Loaded per-date land-sea mask from /Users/au728490/OneDrive - Aarhus universitet/PhD_AU/Python_Scripts/DiffusionModels/SBGM_SD/models_and_samples/generated_samples/generation/B2_local__HR_prcp_DANRA__SIZE_128x128__LR_temp_prcp_ERA5__LOSS_sdfweighted__HEADS_4__TIMESTEPS_56/lsm/20180307.npz with shape (128, 128)
2026-01-27 15:34:58 | INFO    | B2_local__32b6a904__20260127T134222Z | sbgm.evaluate.data_resolver | [EvalDataResolver] Loaded per-date land-sea mask from /Users/au728490/OneDrive - Aarhus universitet/PhD_AU/Python_Scripts/DiffusionModels/SBGM_SD/models_and_samples/generated_samples/generation/B2_local__HR_prcp_DANRA__SIZE_128x128__LR_temp_prcp_ERA5__LOSS_sdfweighted__HEADS_4__TIMESTEPS_56/lsm/20180107.npz with shape (128, 128)
2026-01-27 15:34:58 | INFO    | B2_local__32b6a904__20260127T134222Z | sbgm.evaluate.data_resolver | [EvalDataResolver] Loaded per-date land-sea mask from /Users/au728490/OneDrive - Aarhus universitet/PhD_AU/Python_Scripts/DiffusionModels/SBGM_SD/models_and_samples/generated_samples/generation/B2_local__HR_prcp_DANRA__SIZE_128x128__LR_temp_prcp_ERA5__LOSS_sdfweighted__HEADS_4__TIMESTEPS_56/lsm/20180307.npz with shape (128, 128)
2026-01-27 15:34:59 | INFO    | B2_local__32b6a904__20260127T134222Z | sbgm.evaluate.evaluation | [EvaluationRunner] Dispatching task: 'prcp_features' (normalized: 'prcp_features')
2026-01-27 15:34:59 | INFO    | B2_local__32b6a904__20260127T134222Z | sbgm.evaluate.evaluation | [EvaluationRunner] Running task 'prcp_features' -> /Users/au728490/OneDrive - Aarhus universitet/PhD_AU/Python_Scripts/DiffusionModels/SBGM_SD/models_and_samples/generated_samples/evaluation/B2_local__HR_prcp_DANRA__SIZE_128x128__LR_temp_prcp_ERA5__LOSS_sdfweighted__HEADS_4__TIMESTEPS_56/prcp/features
2026-01-27 15:34:59 | INFO    | B2_local__32b6a904__20260127T134222Z | sbgm.evaluate.data_resolver | [EvalDataResolver] Found 15 dates in PMM folder: /Users/au728490/OneDrive - Aarhus universitet/PhD_AU/Python_Scripts/DiffusionModels/SBGM_SD/models_and_samples/generated_samples/generation/B2_local__HR_prcp_DANRA__SIZE_128x128__LR_temp_prcp_ERA5__LOSS_sdfweighted__HEADS_4__TIMESTEPS_56/pmm_phys
2026-01-27 15:34:59 | INFO    | B2_local__32b6a904__20260127T134222Z | sbgm.evaluate.data_resolver | [EvalDataResolver] Loaded per-date land-sea mask from /Users/au728490/OneDrive - Aarhus universitet/PhD_AU/Python_Scripts/DiffusionModels/SBGM_SD/models_and_samples/generated_samples/generation/B2_local__HR_prcp_DANRA__SIZE_128x128__LR_temp_prcp_ERA5__LOSS_sdfweighted__HEADS_4__TIMESTEPS_56/lsm/19910813.npz with shape (128, 128)
2026-01-27 15:34:59 | WARNING | B2_local__32b6a904__20260127T134222Z | py.warnings | /Users/au728490/Library/CloudStorage/OneDrive-Aarhusuniversitet/PhD_AU/Python_Scripts/DiffusionModels/SBGM_SD/sbgm/evaluate/evaluate_prcp/eval_features/evaluate_features.py:108: RuntimeWarning: Mean of empty slice
  return np.nanmean(np.stack(acc, axis=0), axis=0)

2026-01-27 15:34:59 | INFO    | B2_local__32b6a904__20260127T134222Z | sbgm.evaluate.data_resolver | [EvalDataResolver] Loaded per-date land-sea mask from /Users/au728490/OneDrive - Aarhus universitet/PhD_AU/Python_Scripts/DiffusionModels/SBGM_SD/models_and_samples/generated_samples/generation/B2_local__HR_prcp_DANRA__SIZE_128x128__LR_temp_prcp_ERA5__LOSS_sdfweighted__HEADS_4__TIMESTEPS_56/lsm/19910813.npz with shape (128, 128)
2026-01-27 15:34:59 | INFO    | B2_local__32b6a904__20260127T134222Z | sbgm.evaluate.data_resolver | [EvalDataResolver] Loaded per-date land-sea mask from /Users/au728490/OneDrive - Aarhus universitet/PhD_AU/Python_Scripts/DiffusionModels/SBGM_SD/models_and_samples/generated_samples/generation/B2_local__HR_prcp_DANRA__SIZE_128x128__LR_temp_prcp_ERA5__LOSS_sdfweighted__HEADS_4__TIMESTEPS_56/lsm/19910813.npz with shape (128, 128)
2026-01-27 15:34:59 | INFO    | B2_local__32b6a904__20260127T134222Z | sbgm.evaluate.evaluate_prcp.eval_features.evaluate_features | [evaluate_features] Group 1991: computing SAL (object mode)...
2026-01-27 15:34:59 | WARNING | B2_local__32b6a904__20260127T134222Z | py.warnings | /Users/au728490/Library/CloudStorage/OneDrive-Aarhusuniversitet/PhD_AU/Python_Scripts/DiffusionModels/SBGM_SD/sbgm/evaluate/evaluate_prcp/eval_features/metrics_features.py:178: RuntimeWarning: Mean of empty slice
  A = _amplitude(float(np.nanmean(ref)), float(np.nanmean(tst)))

2026-01-27 15:34:59 | WARNING | B2_local__32b6a904__20260127T134222Z | py.warnings | /Users/au728490/opt/anaconda3/envs/torch/lib/python3.11/site-packages/numpy/lib/nanfunctions.py:1384: RuntimeWarning: All-NaN slice encountered
  return _nanquantile_unchecked(

2026-01-27 15:34:59 | INFO    | B2_local__32b6a904__20260127T134222Z | sbgm.evaluate.data_resolver | [EvalDataResolver] Loaded per-date land-sea mask from /Users/au728490/OneDrive - Aarhus universitet/PhD_AU/Python_Scripts/DiffusionModels/SBGM_SD/models_and_samples/generated_samples/generation/B2_local__HR_prcp_DANRA__SIZE_128x128__LR_temp_prcp_ERA5__LOSS_sdfweighted__HEADS_4__TIMESTEPS_56/lsm/19910813.npz with shape (128, 128)
2026-01-27 15:34:59 | INFO    | B2_local__32b6a904__20260127T134222Z | sbgm.evaluate.data_resolver | [EvalDataResolver] Loaded per-date land-sea mask from /Users/au728490/OneDrive - Aarhus universitet/PhD_AU/Python_Scripts/DiffusionModels/SBGM_SD/models_and_samples/generated_samples/generation/B2_local__HR_prcp_DANRA__SIZE_128x128__LR_temp_prcp_ERA5__LOSS_sdfweighted__HEADS_4__TIMESTEPS_56/lsm/19910813.npz with shape (128, 128)
2026-01-27 15:34:59 | WARNING | B2_local__32b6a904__20260127T134222Z | py.warnings | /Users/au728490/Library/CloudStorage/OneDrive-Aarhusuniversitet/PhD_AU/Python_Scripts/DiffusionModels/SBGM_SD/sbgm/evaluate/evaluate_prcp/eval_features/evaluate_features.py:182: RuntimeWarning: Mean of empty slice
  out.append(np.nanmean(np.stack(per_member[mi], axis=0), axis=0))

2026-01-27 15:34:59 | WARNING | B2_local__32b6a904__20260127T134222Z | py.warnings | /Users/au728490/Library/CloudStorage/OneDrive-Aarhusuniversitet/PhD_AU/Python_Scripts/DiffusionModels/SBGM_SD/sbgm/evaluate/evaluate_prcp/eval_features/evaluate_features.py:294: RuntimeWarning: Mean of empty slice
  "A": float(np.nanmean(A_arr)),

2026-01-27 15:34:59 | WARNING | B2_local__32b6a904__20260127T134222Z | py.warnings | /Users/au728490/Library/CloudStorage/OneDrive-Aarhusuniversitet/PhD_AU/Python_Scripts/DiffusionModels/SBGM_SD/sbgm/evaluate/evaluate_prcp/eval_features/evaluate_features.py:296: RuntimeWarning: Mean of empty slice
  "L": float(np.nanmean(L_arr)),

2026-01-27 15:34:59 | WARNING | B2_local__32b6a904__20260127T134222Z | py.warnings | /Users/au728490/Library/CloudStorage/OneDrive-Aarhusuniversitet/PhD_AU/Python_Scripts/DiffusionModels/SBGM_SD/sbgm/evaluate/evaluate_prcp/eval_features/evaluate_features.py:297: RuntimeWarning: Mean of empty slice
  "SAL": float(np.nanmean(SAL_arr)),

2026-01-27 15:34:59 | WARNING | B2_local__32b6a904__20260127T134222Z | py.warnings | /Users/au728490/opt/anaconda3/envs/torch/lib/python3.11/site-packages/numpy/lib/nanfunctions.py:1879: RuntimeWarning: Degrees of freedom <= 0 for slice.
  var = nanvar(a, axis=axis, dtype=dtype, out=out, ddof=ddof,

2026-01-27 15:34:59 | INFO    | B2_local__32b6a904__20260127T134222Z | sbgm.evaluate.data_resolver | [EvalDataResolver] Loaded per-date land-sea mask from /Users/au728490/OneDrive - Aarhus universitet/PhD_AU/Python_Scripts/DiffusionModels/SBGM_SD/models_and_samples/generated_samples/generation/B2_local__HR_prcp_DANRA__SIZE_128x128__LR_temp_prcp_ERA5__LOSS_sdfweighted__HEADS_4__TIMESTEPS_56/lsm/19931215.npz with shape (128, 128)
2026-01-27 15:34:59 | INFO    | B2_local__32b6a904__20260127T134222Z | sbgm.evaluate.data_resolver | [EvalDataResolver] Loaded per-date land-sea mask from /Users/au728490/OneDrive - Aarhus universitet/PhD_AU/Python_Scripts/DiffusionModels/SBGM_SD/models_and_samples/generated_samples/generation/B2_local__HR_prcp_DANRA__SIZE_128x128__LR_temp_prcp_ERA5__LOSS_sdfweighted__HEADS_4__TIMESTEPS_56/lsm/19931215.npz with shape (128, 128)
2026-01-27 15:34:59 | INFO    | B2_local__32b6a904__20260127T134222Z | sbgm.evaluate.data_resolver | [EvalDataResolver] Loaded per-date land-sea mask from /Users/au728490/OneDrive - Aarhus universitet/PhD_AU/Python_Scripts/DiffusionModels/SBGM_SD/models_and_samples/generated_samples/generation/B2_local__HR_prcp_DANRA__SIZE_128x128__LR_temp_prcp_ERA5__LOSS_sdfweighted__HEADS_4__TIMESTEPS_56/lsm/19931215.npz with shape (128, 128)
2026-01-27 15:34:59 | INFO    | B2_local__32b6a904__20260127T134222Z | sbgm.evaluate.evaluate_prcp.eval_features.evaluate_features | [evaluate_features] Group 1993: computing SAL (object mode)...
2026-01-27 15:34:59 | INFO    | B2_local__32b6a904__20260127T134222Z | sbgm.evaluate.data_resolver | [EvalDataResolver] Loaded per-date land-sea mask from /Users/au728490/OneDrive - Aarhus universitet/PhD_AU/Python_Scripts/DiffusionModels/SBGM_SD/models_and_samples/generated_samples/generation/B2_local__HR_prcp_DANRA__SIZE_128x128__LR_temp_prcp_ERA5__LOSS_sdfweighted__HEADS_4__TIMESTEPS_56/lsm/19931215.npz with shape (128, 128)
2026-01-27 15:34:59 | INFO    | B2_local__32b6a904__20260127T134222Z | sbgm.evaluate.data_resolver | [EvalDataResolver] Loaded per-date land-sea mask from /Users/au728490/OneDrive - Aarhus universitet/PhD_AU/Python_Scripts/DiffusionModels/SBGM_SD/models_and_samples/generated_samples/generation/B2_local__HR_prcp_DANRA__SIZE_128x128__LR_temp_prcp_ERA5__LOSS_sdfweighted__HEADS_4__TIMESTEPS_56/lsm/19931215.npz with shape (128, 128)
2026-01-27 15:34:59 | INFO    | B2_local__32b6a904__20260127T134222Z | sbgm.evaluate.data_resolver | [EvalDataResolver] Loaded per-date land-sea mask from /Users/au728490/OneDrive - Aarhus universitet/PhD_AU/Python_Scripts/DiffusionModels/SBGM_SD/models_and_samples/generated_samples/generation/B2_local__HR_prcp_DANRA__SIZE_128x128__LR_temp_prcp_ERA5__LOSS_sdfweighted__HEADS_4__TIMESTEPS_56/lsm/19940831.npz with shape (128, 128)
2026-01-27 15:34:59 | INFO    | B2_local__32b6a904__20260127T134222Z | sbgm.evaluate.data_resolver | [EvalDataResolver] Loaded per-date land-sea mask from /Users/au728490/OneDrive - Aarhus universitet/PhD_AU/Python_Scripts/DiffusionModels/SBGM_SD/models_and_samples/generated_samples/generation/B2_local__HR_prcp_DANRA__SIZE_128x128__LR_temp_prcp_ERA5__LOSS_sdfweighted__HEADS_4__TIMESTEPS_56/lsm/19940831.npz with shape (128, 128)
2026-01-27 15:34:59 | INFO    | B2_local__32b6a904__20260127T134222Z | sbgm.evaluate.data_resolver | [EvalDataResolver] Loaded per-date land-sea mask from /Users/au728490/OneDrive - Aarhus universitet/PhD_AU/Python_Scripts/DiffusionModels/SBGM_SD/models_and_samples/generated_samples/generation/B2_local__HR_prcp_DANRA__SIZE_128x128__LR_temp_prcp_ERA5__LOSS_sdfweighted__HEADS_4__TIMESTEPS_56/lsm/19940831.npz with shape (128, 128)
2026-01-27 15:34:59 | INFO    | B2_local__32b6a904__20260127T134222Z | sbgm.evaluate.evaluate_prcp.eval_features.evaluate_features | [evaluate_features] Group 1994: computing SAL (object mode)...
2026-01-27 15:34:59 | INFO    | B2_local__32b6a904__20260127T134222Z | sbgm.evaluate.data_resolver | [EvalDataResolver] Loaded per-date land-sea mask from /Users/au728490/OneDrive - Aarhus universitet/PhD_AU/Python_Scripts/DiffusionModels/SBGM_SD/models_and_samples/generated_samples/generation/B2_local__HR_prcp_DANRA__SIZE_128x128__LR_temp_prcp_ERA5__LOSS_sdfweighted__HEADS_4__TIMESTEPS_56/lsm/19940831.npz with shape (128, 128)
2026-01-27 15:34:59 | INFO    | B2_local__32b6a904__20260127T134222Z | sbgm.evaluate.data_resolver | [EvalDataResolver] Loaded per-date land-sea mask from /Users/au728490/OneDrive - Aarhus universitet/PhD_AU/Python_Scripts/DiffusionModels/SBGM_SD/models_and_samples/generated_samples/generation/B2_local__HR_prcp_DANRA__SIZE_128x128__LR_temp_prcp_ERA5__LOSS_sdfweighted__HEADS_4__TIMESTEPS_56/lsm/19940831.npz with shape (128, 128)
2026-01-27 15:34:59 | INFO    | B2_local__32b6a904__20260127T134222Z | sbgm.evaluate.data_resolver | [EvalDataResolver] Loaded per-date land-sea mask from /Users/au728490/OneDrive - Aarhus universitet/PhD_AU/Python_Scripts/DiffusionModels/SBGM_SD/models_and_samples/generated_samples/generation/B2_local__HR_prcp_DANRA__SIZE_128x128__LR_temp_prcp_ERA5__LOSS_sdfweighted__HEADS_4__TIMESTEPS_56/lsm/19960425.npz with shape (128, 128)
2026-01-27 15:34:59 | INFO    | B2_local__32b6a904__20260127T134222Z | sbgm.evaluate.data_resolver | [EvalDataResolver] Loaded per-date land-sea mask from /Users/au728490/OneDrive - Aarhus universitet/PhD_AU/Python_Scripts/DiffusionModels/SBGM_SD/models_and_samples/generated_samples/generation/B2_local__HR_prcp_DANRA__SIZE_128x128__LR_temp_prcp_ERA5__LOSS_sdfweighted__HEADS_4__TIMESTEPS_56/lsm/19960425.npz with shape (128, 128)
2026-01-27 15:34:59 | INFO    | B2_local__32b6a904__20260127T134222Z | sbgm.evaluate.data_resolver | [EvalDataResolver] Loaded per-date land-sea mask from /Users/au728490/OneDrive - Aarhus universitet/PhD_AU/Python_Scripts/DiffusionModels/SBGM_SD/models_and_samples/generated_samples/generation/B2_local__HR_prcp_DANRA__SIZE_128x128__LR_temp_prcp_ERA5__LOSS_sdfweighted__HEADS_4__TIMESTEPS_56/lsm/19960425.npz with shape (128, 128)
2026-01-27 15:34:59 | INFO    | B2_local__32b6a904__20260127T134222Z | sbgm.evaluate.evaluate_prcp.eval_features.evaluate_features | [evaluate_features] Group 1996: computing SAL (object mode)...
2026-01-27 15:34:59 | INFO    | B2_local__32b6a904__20260127T134222Z | sbgm.evaluate.data_resolver | [EvalDataResolver] Loaded per-date land-sea mask from /Users/au728490/OneDrive - Aarhus universitet/PhD_AU/Python_Scripts/DiffusionModels/SBGM_SD/models_and_samples/generated_samples/generation/B2_local__HR_prcp_DANRA__SIZE_128x128__LR_temp_prcp_ERA5__LOSS_sdfweighted__HEADS_4__TIMESTEPS_56/lsm/19960425.npz with shape (128, 128)
2026-01-27 15:34:59 | INFO    | B2_local__32b6a904__20260127T134222Z | sbgm.evaluate.data_resolver | [EvalDataResolver] Loaded per-date land-sea mask from /Users/au728490/OneDrive - Aarhus universitet/PhD_AU/Python_Scripts/DiffusionModels/SBGM_SD/models_and_samples/generated_samples/generation/B2_local__HR_prcp_DANRA__SIZE_128x128__LR_temp_prcp_ERA5__LOSS_sdfweighted__HEADS_4__TIMESTEPS_56/lsm/19960425.npz with shape (128, 128)
2026-01-27 15:34:59 | INFO    | B2_local__32b6a904__20260127T134222Z | sbgm.evaluate.data_resolver | [EvalDataResolver] Loaded per-date land-sea mask from /Users/au728490/OneDrive - Aarhus universitet/PhD_AU/Python_Scripts/DiffusionModels/SBGM_SD/models_and_samples/generated_samples/generation/B2_local__HR_prcp_DANRA__SIZE_128x128__LR_temp_prcp_ERA5__LOSS_sdfweighted__HEADS_4__TIMESTEPS_56/lsm/19970301.npz with shape (128, 128)
2026-01-27 15:34:59 | INFO    | B2_local__32b6a904__20260127T134222Z | sbgm.evaluate.data_resolver | [EvalDataResolver] Loaded per-date land-sea mask from /Users/au728490/OneDrive - Aarhus universitet/PhD_AU/Python_Scripts/DiffusionModels/SBGM_SD/models_and_samples/generated_samples/generation/B2_local__HR_prcp_DANRA__SIZE_128x128__LR_temp_prcp_ERA5__LOSS_sdfweighted__HEADS_4__TIMESTEPS_56/lsm/19970917.npz with shape (128, 128)
2026-01-27 15:34:59 | INFO    | B2_local__32b6a904__20260127T134222Z | sbgm.evaluate.data_resolver | [EvalDataResolver] Loaded per-date land-sea mask from /Users/au728490/OneDrive - Aarhus universitet/PhD_AU/Python_Scripts/DiffusionModels/SBGM_SD/models_and_samples/generated_samples/generation/B2_local__HR_prcp_DANRA__SIZE_128x128__LR_temp_prcp_ERA5__LOSS_sdfweighted__HEADS_4__TIMESTEPS_56/lsm/19970301.npz with shape (128, 128)
2026-01-27 15:34:59 | INFO    | B2_local__32b6a904__20260127T134222Z | sbgm.evaluate.data_resolver | [EvalDataResolver] Loaded per-date land-sea mask from /Users/au728490/OneDrive - Aarhus universitet/PhD_AU/Python_Scripts/DiffusionModels/SBGM_SD/models_and_samples/generated_samples/generation/B2_local__HR_prcp_DANRA__SIZE_128x128__LR_temp_prcp_ERA5__LOSS_sdfweighted__HEADS_4__TIMESTEPS_56/lsm/19970917.npz with shape (128, 128)
2026-01-27 15:34:59 | INFO    | B2_local__32b6a904__20260127T134222Z | sbgm.evaluate.data_resolver | [EvalDataResolver] Loaded per-date land-sea mask from /Users/au728490/OneDrive - Aarhus universitet/PhD_AU/Python_Scripts/DiffusionModels/SBGM_SD/models_and_samples/generated_samples/generation/B2_local__HR_prcp_DANRA__SIZE_128x128__LR_temp_prcp_ERA5__LOSS_sdfweighted__HEADS_4__TIMESTEPS_56/lsm/19970301.npz with shape (128, 128)
2026-01-27 15:34:59 | INFO    | B2_local__32b6a904__20260127T134222Z | sbgm.evaluate.data_resolver | [EvalDataResolver] Loaded per-date land-sea mask from /Users/au728490/OneDrive - Aarhus universitet/PhD_AU/Python_Scripts/DiffusionModels/SBGM_SD/models_and_samples/generated_samples/generation/B2_local__HR_prcp_DANRA__SIZE_128x128__LR_temp_prcp_ERA5__LOSS_sdfweighted__HEADS_4__TIMESTEPS_56/lsm/19970917.npz with shape (128, 128)
2026-01-27 15:34:59 | INFO    | B2_local__32b6a904__20260127T134222Z | sbgm.evaluate.evaluate_prcp.eval_features.evaluate_features | [evaluate_features] Group 1997: computing SAL (object mode)...
2026-01-27 15:34:59 | INFO    | B2_local__32b6a904__20260127T134222Z | sbgm.evaluate.data_resolver | [EvalDataResolver] Loaded per-date land-sea mask from /Users/au728490/OneDrive - Aarhus universitet/PhD_AU/Python_Scripts/DiffusionModels/SBGM_SD/models_and_samples/generated_samples/generation/B2_local__HR_prcp_DANRA__SIZE_128x128__LR_temp_prcp_ERA5__LOSS_sdfweighted__HEADS_4__TIMESTEPS_56/lsm/19970301.npz with shape (128, 128)
2026-01-27 15:34:59 | INFO    | B2_local__32b6a904__20260127T134222Z | sbgm.evaluate.data_resolver | [EvalDataResolver] Loaded per-date land-sea mask from /Users/au728490/OneDrive - Aarhus universitet/PhD_AU/Python_Scripts/DiffusionModels/SBGM_SD/models_and_samples/generated_samples/generation/B2_local__HR_prcp_DANRA__SIZE_128x128__LR_temp_prcp_ERA5__LOSS_sdfweighted__HEADS_4__TIMESTEPS_56/lsm/19970301.npz with shape (128, 128)
2026-01-27 15:34:59 | INFO    | B2_local__32b6a904__20260127T134222Z | sbgm.evaluate.data_resolver | [EvalDataResolver] Loaded per-date land-sea mask from /Users/au728490/OneDrive - Aarhus universitet/PhD_AU/Python_Scripts/DiffusionModels/SBGM_SD/models_and_samples/generated_samples/generation/B2_local__HR_prcp_DANRA__SIZE_128x128__LR_temp_prcp_ERA5__LOSS_sdfweighted__HEADS_4__TIMESTEPS_56/lsm/19970917.npz with shape (128, 128)
2026-01-27 15:35:00 | INFO    | B2_local__32b6a904__20260127T134222Z | sbgm.evaluate.data_resolver | [EvalDataResolver] Loaded per-date land-sea mask from /Users/au728490/OneDrive - Aarhus universitet/PhD_AU/Python_Scripts/DiffusionModels/SBGM_SD/models_and_samples/generated_samples/generation/B2_local__HR_prcp_DANRA__SIZE_128x128__LR_temp_prcp_ERA5__LOSS_sdfweighted__HEADS_4__TIMESTEPS_56/lsm/19980422.npz with shape (128, 128)
2026-01-27 15:35:00 | INFO    | B2_local__32b6a904__20260127T134222Z | sbgm.evaluate.data_resolver | [EvalDataResolver] Loaded per-date land-sea mask from /Users/au728490/OneDrive - Aarhus universitet/PhD_AU/Python_Scripts/DiffusionModels/SBGM_SD/models_and_samples/generated_samples/generation/B2_local__HR_prcp_DANRA__SIZE_128x128__LR_temp_prcp_ERA5__LOSS_sdfweighted__HEADS_4__TIMESTEPS_56/lsm/19980818.npz with shape (128, 128)
2026-01-27 15:35:00 | INFO    | B2_local__32b6a904__20260127T134222Z | sbgm.evaluate.data_resolver | [EvalDataResolver] Loaded per-date land-sea mask from /Users/au728490/OneDrive - Aarhus universitet/PhD_AU/Python_Scripts/DiffusionModels/SBGM_SD/models_and_samples/generated_samples/generation/B2_local__HR_prcp_DANRA__SIZE_128x128__LR_temp_prcp_ERA5__LOSS_sdfweighted__HEADS_4__TIMESTEPS_56/lsm/19980422.npz with shape (128, 128)
2026-01-27 15:35:00 | INFO    | B2_local__32b6a904__20260127T134222Z | sbgm.evaluate.data_resolver | [EvalDataResolver] Loaded per-date land-sea mask from /Users/au728490/OneDrive - Aarhus universitet/PhD_AU/Python_Scripts/DiffusionModels/SBGM_SD/models_and_samples/generated_samples/generation/B2_local__HR_prcp_DANRA__SIZE_128x128__LR_temp_prcp_ERA5__LOSS_sdfweighted__HEADS_4__TIMESTEPS_56/lsm/19980818.npz with shape (128, 128)
2026-01-27 15:35:00 | INFO    | B2_local__32b6a904__20260127T134222Z | sbgm.evaluate.data_resolver | [EvalDataResolver] Loaded per-date land-sea mask from /Users/au728490/OneDrive - Aarhus universitet/PhD_AU/Python_Scripts/DiffusionModels/SBGM_SD/models_and_samples/generated_samples/generation/B2_local__HR_prcp_DANRA__SIZE_128x128__LR_temp_prcp_ERA5__LOSS_sdfweighted__HEADS_4__TIMESTEPS_56/lsm/19980422.npz with shape (128, 128)
2026-01-27 15:35:00 | INFO    | B2_local__32b6a904__20260127T134222Z | sbgm.evaluate.data_resolver | [EvalDataResolver] Loaded per-date land-sea mask from /Users/au728490/OneDrive - Aarhus universitet/PhD_AU/Python_Scripts/DiffusionModels/SBGM_SD/models_and_samples/generated_samples/generation/B2_local__HR_prcp_DANRA__SIZE_128x128__LR_temp_prcp_ERA5__LOSS_sdfweighted__HEADS_4__TIMESTEPS_56/lsm/19980818.npz with shape (128, 128)
2026-01-27 15:35:00 | INFO    | B2_local__32b6a904__20260127T134222Z | sbgm.evaluate.evaluate_prcp.eval_features.evaluate_features | [evaluate_features] Group 1998: computing SAL (object mode)...
2026-01-27 15:35:00 | INFO    | B2_local__32b6a904__20260127T134222Z | sbgm.evaluate.data_resolver | [EvalDataResolver] Loaded per-date land-sea mask from /Users/au728490/OneDrive - Aarhus universitet/PhD_AU/Python_Scripts/DiffusionModels/SBGM_SD/models_and_samples/generated_samples/generation/B2_local__HR_prcp_DANRA__SIZE_128x128__LR_temp_prcp_ERA5__LOSS_sdfweighted__HEADS_4__TIMESTEPS_56/lsm/19980422.npz with shape (128, 128)
2026-01-27 15:35:00 | INFO    | B2_local__32b6a904__20260127T134222Z | sbgm.evaluate.data_resolver | [EvalDataResolver] Loaded per-date land-sea mask from /Users/au728490/OneDrive - Aarhus universitet/PhD_AU/Python_Scripts/DiffusionModels/SBGM_SD/models_and_samples/generated_samples/generation/B2_local__HR_prcp_DANRA__SIZE_128x128__LR_temp_prcp_ERA5__LOSS_sdfweighted__HEADS_4__TIMESTEPS_56/lsm/19980422.npz with shape (128, 128)
2026-01-27 15:35:00 | INFO    | B2_local__32b6a904__20260127T134222Z | sbgm.evaluate.data_resolver | [EvalDataResolver] Loaded per-date land-sea mask from /Users/au728490/OneDrive - Aarhus universitet/PhD_AU/Python_Scripts/DiffusionModels/SBGM_SD/models_and_samples/generated_samples/generation/B2_local__HR_prcp_DANRA__SIZE_128x128__LR_temp_prcp_ERA5__LOSS_sdfweighted__HEADS_4__TIMESTEPS_56/lsm/19980818.npz with shape (128, 128)
2026-01-27 15:35:00 | INFO    | B2_local__32b6a904__20260127T134222Z | sbgm.evaluate.data_resolver | [EvalDataResolver] Loaded per-date land-sea mask from /Users/au728490/OneDrive - Aarhus universitet/PhD_AU/Python_Scripts/DiffusionModels/SBGM_SD/models_and_samples/generated_samples/generation/B2_local__HR_prcp_DANRA__SIZE_128x128__LR_temp_prcp_ERA5__LOSS_sdfweighted__HEADS_4__TIMESTEPS_56/lsm/20030109.npz with shape (128, 128)
2026-01-27 15:35:00 | INFO    | B2_local__32b6a904__20260127T134222Z | sbgm.evaluate.data_resolver | [EvalDataResolver] Loaded per-date land-sea mask from /Users/au728490/OneDrive - Aarhus universitet/PhD_AU/Python_Scripts/DiffusionModels/SBGM_SD/models_and_samples/generated_samples/generation/B2_local__HR_prcp_DANRA__SIZE_128x128__LR_temp_prcp_ERA5__LOSS_sdfweighted__HEADS_4__TIMESTEPS_56/lsm/20030312.npz with shape (128, 128)
2026-01-27 15:35:00 | INFO    | B2_local__32b6a904__20260127T134222Z | sbgm.evaluate.data_resolver | [EvalDataResolver] Loaded per-date land-sea mask from /Users/au728490/OneDrive - Aarhus universitet/PhD_AU/Python_Scripts/DiffusionModels/SBGM_SD/models_and_samples/generated_samples/generation/B2_local__HR_prcp_DANRA__SIZE_128x128__LR_temp_prcp_ERA5__LOSS_sdfweighted__HEADS_4__TIMESTEPS_56/lsm/20030531.npz with shape (128, 128)
2026-01-27 15:35:00 | INFO    | B2_local__32b6a904__20260127T134222Z | sbgm.evaluate.data_resolver | [EvalDataResolver] Loaded per-date land-sea mask from /Users/au728490/OneDrive - Aarhus universitet/PhD_AU/Python_Scripts/DiffusionModels/SBGM_SD/models_and_samples/generated_samples/generation/B2_local__HR_prcp_DANRA__SIZE_128x128__LR_temp_prcp_ERA5__LOSS_sdfweighted__HEADS_4__TIMESTEPS_56/lsm/20030109.npz with shape (128, 128)
2026-01-27 15:35:00 | INFO    | B2_local__32b6a904__20260127T134222Z | sbgm.evaluate.data_resolver | [EvalDataResolver] Loaded per-date land-sea mask from /Users/au728490/OneDrive - Aarhus universitet/PhD_AU/Python_Scripts/DiffusionModels/SBGM_SD/models_and_samples/generated_samples/generation/B2_local__HR_prcp_DANRA__SIZE_128x128__LR_temp_prcp_ERA5__LOSS_sdfweighted__HEADS_4__TIMESTEPS_56/lsm/20030312.npz with shape (128, 128)
2026-01-27 15:35:00 | INFO    | B2_local__32b6a904__20260127T134222Z | sbgm.evaluate.data_resolver | [EvalDataResolver] Loaded per-date land-sea mask from /Users/au728490/OneDrive - Aarhus universitet/PhD_AU/Python_Scripts/DiffusionModels/SBGM_SD/models_and_samples/generated_samples/generation/B2_local__HR_prcp_DANRA__SIZE_128x128__LR_temp_prcp_ERA5__LOSS_sdfweighted__HEADS_4__TIMESTEPS_56/lsm/20030531.npz with shape (128, 128)
2026-01-27 15:35:00 | INFO    | B2_local__32b6a904__20260127T134222Z | sbgm.evaluate.data_resolver | [EvalDataResolver] Loaded per-date land-sea mask from /Users/au728490/OneDrive - Aarhus universitet/PhD_AU/Python_Scripts/DiffusionModels/SBGM_SD/models_and_samples/generated_samples/generation/B2_local__HR_prcp_DANRA__SIZE_128x128__LR_temp_prcp_ERA5__LOSS_sdfweighted__HEADS_4__TIMESTEPS_56/lsm/20030109.npz with shape (128, 128)
2026-01-27 15:35:00 | INFO    | B2_local__32b6a904__20260127T134222Z | sbgm.evaluate.data_resolver | [EvalDataResolver] Loaded per-date land-sea mask from /Users/au728490/OneDrive - Aarhus universitet/PhD_AU/Python_Scripts/DiffusionModels/SBGM_SD/models_and_samples/generated_samples/generation/B2_local__HR_prcp_DANRA__SIZE_128x128__LR_temp_prcp_ERA5__LOSS_sdfweighted__HEADS_4__TIMESTEPS_56/lsm/20030312.npz with shape (128, 128)
2026-01-27 15:35:00 | INFO    | B2_local__32b6a904__20260127T134222Z | sbgm.evaluate.data_resolver | [EvalDataResolver] Loaded per-date land-sea mask from /Users/au728490/OneDrive - Aarhus universitet/PhD_AU/Python_Scripts/DiffusionModels/SBGM_SD/models_and_samples/generated_samples/generation/B2_local__HR_prcp_DANRA__SIZE_128x128__LR_temp_prcp_ERA5__LOSS_sdfweighted__HEADS_4__TIMESTEPS_56/lsm/20030531.npz with shape (128, 128)
2026-01-27 15:35:00 | INFO    | B2_local__32b6a904__20260127T134222Z | sbgm.evaluate.evaluate_prcp.eval_features.evaluate_features | [evaluate_features] Group 2003: computing SAL (object mode)...
2026-01-27 15:35:00 | INFO    | B2_local__32b6a904__20260127T134222Z | sbgm.evaluate.data_resolver | [EvalDataResolver] Loaded per-date land-sea mask from /Users/au728490/OneDrive - Aarhus universitet/PhD_AU/Python_Scripts/DiffusionModels/SBGM_SD/models_and_samples/generated_samples/generation/B2_local__HR_prcp_DANRA__SIZE_128x128__LR_temp_prcp_ERA5__LOSS_sdfweighted__HEADS_4__TIMESTEPS_56/lsm/20030109.npz with shape (128, 128)
2026-01-27 15:35:00 | INFO    | B2_local__32b6a904__20260127T134222Z | sbgm.evaluate.data_resolver | [EvalDataResolver] Loaded per-date land-sea mask from /Users/au728490/OneDrive - Aarhus universitet/PhD_AU/Python_Scripts/DiffusionModels/SBGM_SD/models_and_samples/generated_samples/generation/B2_local__HR_prcp_DANRA__SIZE_128x128__LR_temp_prcp_ERA5__LOSS_sdfweighted__HEADS_4__TIMESTEPS_56/lsm/20030109.npz with shape (128, 128)
2026-01-27 15:35:00 | INFO    | B2_local__32b6a904__20260127T134222Z | sbgm.evaluate.data_resolver | [EvalDataResolver] Loaded per-date land-sea mask from /Users/au728490/OneDrive - Aarhus universitet/PhD_AU/Python_Scripts/DiffusionModels/SBGM_SD/models_and_samples/generated_samples/generation/B2_local__HR_prcp_DANRA__SIZE_128x128__LR_temp_prcp_ERA5__LOSS_sdfweighted__HEADS_4__TIMESTEPS_56/lsm/20030312.npz with shape (128, 128)
2026-01-27 15:35:00 | INFO    | B2_local__32b6a904__20260127T134222Z | sbgm.evaluate.data_resolver | [EvalDataResolver] Loaded per-date land-sea mask from /Users/au728490/OneDrive - Aarhus universitet/PhD_AU/Python_Scripts/DiffusionModels/SBGM_SD/models_and_samples/generated_samples/generation/B2_local__HR_prcp_DANRA__SIZE_128x128__LR_temp_prcp_ERA5__LOSS_sdfweighted__HEADS_4__TIMESTEPS_56/lsm/20030531.npz with shape (128, 128)
2026-01-27 15:35:00 | INFO    | B2_local__32b6a904__20260127T134222Z | sbgm.evaluate.data_resolver | [EvalDataResolver] Loaded per-date land-sea mask from /Users/au728490/OneDrive - Aarhus universitet/PhD_AU/Python_Scripts/DiffusionModels/SBGM_SD/models_and_samples/generated_samples/generation/B2_local__HR_prcp_DANRA__SIZE_128x128__LR_temp_prcp_ERA5__LOSS_sdfweighted__HEADS_4__TIMESTEPS_56/lsm/20050807.npz with shape (128, 128)
2026-01-27 15:35:00 | INFO    | B2_local__32b6a904__20260127T134222Z | sbgm.evaluate.data_resolver | [EvalDataResolver] Loaded per-date land-sea mask from /Users/au728490/OneDrive - Aarhus universitet/PhD_AU/Python_Scripts/DiffusionModels/SBGM_SD/models_and_samples/generated_samples/generation/B2_local__HR_prcp_DANRA__SIZE_128x128__LR_temp_prcp_ERA5__LOSS_sdfweighted__HEADS_4__TIMESTEPS_56/lsm/20050807.npz with shape (128, 128)
2026-01-27 15:35:00 | INFO    | B2_local__32b6a904__20260127T134222Z | sbgm.evaluate.data_resolver | [EvalDataResolver] Loaded per-date land-sea mask from /Users/au728490/OneDrive - Aarhus universitet/PhD_AU/Python_Scripts/DiffusionModels/SBGM_SD/models_and_samples/generated_samples/generation/B2_local__HR_prcp_DANRA__SIZE_128x128__LR_temp_prcp_ERA5__LOSS_sdfweighted__HEADS_4__TIMESTEPS_56/lsm/20050807.npz with shape (128, 128)
2026-01-27 15:35:00 | INFO    | B2_local__32b6a904__20260127T134222Z | sbgm.evaluate.evaluate_prcp.eval_features.evaluate_features | [evaluate_features] Group 2005: computing SAL (object mode)...
2026-01-27 15:35:00 | INFO    | B2_local__32b6a904__20260127T134222Z | sbgm.evaluate.data_resolver | [EvalDataResolver] Loaded per-date land-sea mask from /Users/au728490/OneDrive - Aarhus universitet/PhD_AU/Python_Scripts/DiffusionModels/SBGM_SD/models_and_samples/generated_samples/generation/B2_local__HR_prcp_DANRA__SIZE_128x128__LR_temp_prcp_ERA5__LOSS_sdfweighted__HEADS_4__TIMESTEPS_56/lsm/20050807.npz with shape (128, 128)
2026-01-27 15:35:00 | INFO    | B2_local__32b6a904__20260127T134222Z | sbgm.evaluate.data_resolver | [EvalDataResolver] Loaded per-date land-sea mask from /Users/au728490/OneDrive - Aarhus universitet/PhD_AU/Python_Scripts/DiffusionModels/SBGM_SD/models_and_samples/generated_samples/generation/B2_local__HR_prcp_DANRA__SIZE_128x128__LR_temp_prcp_ERA5__LOSS_sdfweighted__HEADS_4__TIMESTEPS_56/lsm/20050807.npz with shape (128, 128)
2026-01-27 15:35:00 | INFO    | B2_local__32b6a904__20260127T134222Z | sbgm.evaluate.data_resolver | [EvalDataResolver] Loaded per-date land-sea mask from /Users/au728490/OneDrive - Aarhus universitet/PhD_AU/Python_Scripts/DiffusionModels/SBGM_SD/models_and_samples/generated_samples/generation/B2_local__HR_prcp_DANRA__SIZE_128x128__LR_temp_prcp_ERA5__LOSS_sdfweighted__HEADS_4__TIMESTEPS_56/lsm/20081111.npz with shape (128, 128)
2026-01-27 15:35:00 | INFO    | B2_local__32b6a904__20260127T134222Z | sbgm.evaluate.data_resolver | [EvalDataResolver] Loaded per-date land-sea mask from /Users/au728490/OneDrive - Aarhus universitet/PhD_AU/Python_Scripts/DiffusionModels/SBGM_SD/models_and_samples/generated_samples/generation/B2_local__HR_prcp_DANRA__SIZE_128x128__LR_temp_prcp_ERA5__LOSS_sdfweighted__HEADS_4__TIMESTEPS_56/lsm/20081111.npz with shape (128, 128)
2026-01-27 15:35:00 | INFO    | B2_local__32b6a904__20260127T134222Z | sbgm.evaluate.data_resolver | [EvalDataResolver] Loaded per-date land-sea mask from /Users/au728490/OneDrive - Aarhus universitet/PhD_AU/Python_Scripts/DiffusionModels/SBGM_SD/models_and_samples/generated_samples/generation/B2_local__HR_prcp_DANRA__SIZE_128x128__LR_temp_prcp_ERA5__LOSS_sdfweighted__HEADS_4__TIMESTEPS_56/lsm/20081111.npz with shape (128, 128)
2026-01-27 15:35:00 | INFO    | B2_local__32b6a904__20260127T134222Z | sbgm.evaluate.evaluate_prcp.eval_features.evaluate_features | [evaluate_features] Group 2008: computing SAL (object mode)...
2026-01-27 15:35:00 | INFO    | B2_local__32b6a904__20260127T134222Z | sbgm.evaluate.data_resolver | [EvalDataResolver] Loaded per-date land-sea mask from /Users/au728490/OneDrive - Aarhus universitet/PhD_AU/Python_Scripts/DiffusionModels/SBGM_SD/models_and_samples/generated_samples/generation/B2_local__HR_prcp_DANRA__SIZE_128x128__LR_temp_prcp_ERA5__LOSS_sdfweighted__HEADS_4__TIMESTEPS_56/lsm/20081111.npz with shape (128, 128)
2026-01-27 15:35:00 | INFO    | B2_local__32b6a904__20260127T134222Z | sbgm.evaluate.data_resolver | [EvalDataResolver] Loaded per-date land-sea mask from /Users/au728490/OneDrive - Aarhus universitet/PhD_AU/Python_Scripts/DiffusionModels/SBGM_SD/models_and_samples/generated_samples/generation/B2_local__HR_prcp_DANRA__SIZE_128x128__LR_temp_prcp_ERA5__LOSS_sdfweighted__HEADS_4__TIMESTEPS_56/lsm/20081111.npz with shape (128, 128)
2026-01-27 15:35:00 | INFO    | B2_local__32b6a904__20260127T134222Z | sbgm.evaluate.data_resolver | [EvalDataResolver] Loaded per-date land-sea mask from /Users/au728490/OneDrive - Aarhus universitet/PhD_AU/Python_Scripts/DiffusionModels/SBGM_SD/models_and_samples/generated_samples/generation/B2_local__HR_prcp_DANRA__SIZE_128x128__LR_temp_prcp_ERA5__LOSS_sdfweighted__HEADS_4__TIMESTEPS_56/lsm/20180107.npz with shape (128, 128)
2026-01-27 15:35:00 | INFO    | B2_local__32b6a904__20260127T134222Z | sbgm.evaluate.data_resolver | [EvalDataResolver] Loaded per-date land-sea mask from /Users/au728490/OneDrive - Aarhus universitet/PhD_AU/Python_Scripts/DiffusionModels/SBGM_SD/models_and_samples/generated_samples/generation/B2_local__HR_prcp_DANRA__SIZE_128x128__LR_temp_prcp_ERA5__LOSS_sdfweighted__HEADS_4__TIMESTEPS_56/lsm/20180307.npz with shape (128, 128)
2026-01-27 15:35:00 | INFO    | B2_local__32b6a904__20260127T134222Z | sbgm.evaluate.data_resolver | [EvalDataResolver] Loaded per-date land-sea mask from /Users/au728490/OneDrive - Aarhus universitet/PhD_AU/Python_Scripts/DiffusionModels/SBGM_SD/models_and_samples/generated_samples/generation/B2_local__HR_prcp_DANRA__SIZE_128x128__LR_temp_prcp_ERA5__LOSS_sdfweighted__HEADS_4__TIMESTEPS_56/lsm/20180107.npz with shape (128, 128)
2026-01-27 15:35:00 | INFO    | B2_local__32b6a904__20260127T134222Z | sbgm.evaluate.data_resolver | [EvalDataResolver] Loaded per-date land-sea mask from /Users/au728490/OneDrive - Aarhus universitet/PhD_AU/Python_Scripts/DiffusionModels/SBGM_SD/models_and_samples/generated_samples/generation/B2_local__HR_prcp_DANRA__SIZE_128x128__LR_temp_prcp_ERA5__LOSS_sdfweighted__HEADS_4__TIMESTEPS_56/lsm/20180307.npz with shape (128, 128)
2026-01-27 15:35:00 | INFO    | B2_local__32b6a904__20260127T134222Z | sbgm.evaluate.data_resolver | [EvalDataResolver] Loaded per-date land-sea mask from /Users/au728490/OneDrive - Aarhus universitet/PhD_AU/Python_Scripts/DiffusionModels/SBGM_SD/models_and_samples/generated_samples/generation/B2_local__HR_prcp_DANRA__SIZE_128x128__LR_temp_prcp_ERA5__LOSS_sdfweighted__HEADS_4__TIMESTEPS_56/lsm/20180107.npz with shape (128, 128)
2026-01-27 15:35:00 | INFO    | B2_local__32b6a904__20260127T134222Z | sbgm.evaluate.data_resolver | [EvalDataResolver] Loaded per-date land-sea mask from /Users/au728490/OneDrive - Aarhus universitet/PhD_AU/Python_Scripts/DiffusionModels/SBGM_SD/models_and_samples/generated_samples/generation/B2_local__HR_prcp_DANRA__SIZE_128x128__LR_temp_prcp_ERA5__LOSS_sdfweighted__HEADS_4__TIMESTEPS_56/lsm/20180307.npz with shape (128, 128)
2026-01-27 15:35:00 | INFO    | B2_local__32b6a904__20260127T134222Z | sbgm.evaluate.evaluate_prcp.eval_features.evaluate_features | [evaluate_features] Group 2018: computing SAL (object mode)...
2026-01-27 15:35:00 | INFO    | B2_local__32b6a904__20260127T134222Z | sbgm.evaluate.data_resolver | [EvalDataResolver] Loaded per-date land-sea mask from /Users/au728490/OneDrive - Aarhus universitet/PhD_AU/Python_Scripts/DiffusionModels/SBGM_SD/models_and_samples/generated_samples/generation/B2_local__HR_prcp_DANRA__SIZE_128x128__LR_temp_prcp_ERA5__LOSS_sdfweighted__HEADS_4__TIMESTEPS_56/lsm/20180107.npz with shape (128, 128)
2026-01-27 15:35:00 | INFO    | B2_local__32b6a904__20260127T134222Z | sbgm.evaluate.data_resolver | [EvalDataResolver] Loaded per-date land-sea mask from /Users/au728490/OneDrive - Aarhus universitet/PhD_AU/Python_Scripts/DiffusionModels/SBGM_SD/models_and_samples/generated_samples/generation/B2_local__HR_prcp_DANRA__SIZE_128x128__LR_temp_prcp_ERA5__LOSS_sdfweighted__HEADS_4__TIMESTEPS_56/lsm/20180107.npz with shape (128, 128)
2026-01-27 15:35:00 | INFO    | B2_local__32b6a904__20260127T134222Z | sbgm.evaluate.data_resolver | [EvalDataResolver] Loaded per-date land-sea mask from /Users/au728490/OneDrive - Aarhus universitet/PhD_AU/Python_Scripts/DiffusionModels/SBGM_SD/models_and_samples/generated_samples/generation/B2_local__HR_prcp_DANRA__SIZE_128x128__LR_temp_prcp_ERA5__LOSS_sdfweighted__HEADS_4__TIMESTEPS_56/lsm/20180307.npz with shape (128, 128)
2026-01-27 15:35:01 | INFO    | B2_local__32b6a904__20260127T134222Z | sbgm.evaluate.evaluation | [EvaluationRunner] Dispatching task: 'prcp_dates' (normalized: 'prcp_dates')
2026-01-27 15:35:01 | INFO    | B2_local__32b6a904__20260127T134222Z | sbgm.evaluate.evaluation | [EvaluationRunner] Running task 'prcp_dates' -> /Users/au728490/OneDrive - Aarhus universitet/PhD_AU/Python_Scripts/DiffusionModels/SBGM_SD/models_and_samples/generated_samples/evaluation/B2_local__HR_prcp_DANRA__SIZE_128x128__LR_temp_prcp_ERA5__LOSS_sdfweighted__HEADS_4__TIMESTEPS_56/prcp/dates
2026-01-27 15:35:01 | INFO    | B2_local__32b6a904__20260127T134222Z | sbgm.evaluate.evaluate_prcp.plot_utils | [DEBUG] Loading DK LSM outline from /scratch/project_465001695/quistgaa/Data/Data_DiffMod/data_lsm/truth_fullDomain/lsm_full.npz
2026-01-27 15:35:01 | WARNING | B2_local__32b6a904__20260127T134222Z | sbgm.evaluate.evaluate_prcp.plot_utils | [DEBUG] DK LSM outline file not found: /scratch/project_465001695/quistgaa/Data/Data_DiffMod/data_lsm/truth_fullDomain/lsm_full.npz
2026-01-27 15:35:01 | INFO    | B2_local__32b6a904__20260127T134222Z | sbgm.evaluate.evaluate_main | [evaluation_main_new] Done. Outputs at: /Users/au728490/OneDrive - Aarhus universitet/PhD_AU/Python_Scripts/DiffusionModels/SBGM_SD/models_and_samples/generated_samples/evaluation/B2_local__HR_prcp_DANRA__SIZE_128x128__LR_temp_prcp_ERA5__LOSS_sdfweighted__HEADS_4__TIMESTEPS_56
2026-01-27 15:35:01 | INFO    | B2_local__32b6a904__20260127T134222Z | sbgm.logging_utils | 
═════════════════════════
   EVALUATION DONE
═════════════════════════
2026-01-27 15:35:01 | INFO    | B2_local__32b6a904__20260127T134222Z | __main__ | === SBGM_SD MAIN APP DONE ===
